,index,seconds,minutes,dateTime,cli_temp,ser_vol,ser_cur,ser_pow,cli_vol,cli_cur,cli_pow,newIndex
0,143,143.381,2.3896833333,20220506 12:54:05,49.25,5,0.4,2.0,5,0.45,2.25,0
1,144,144.38,2.4063333333,20220506 12:54:06,49.25,5,0.4,2.0,5,0.63,3.15,1
2,145,145.385,2.4230833333,20220506 12:54:07,49.25,5,0.51,2.55,5,0.46,2.3,2
3,146,146.385,2.43975,20220506 12:54:08,49.5,5,0.58,2.9,5,0.71,3.55,3
4,147,147.385,2.4564166667,20220506 12:54:09,50.0,5,0.49,2.45,5,0.63,3.15,4
5,148,148.381,2.4730166667,20220506 12:54:10,50.25,5,0.41,2.05,5,0.66,3.3,5
6,149,149.383,2.4897166667,20220506 12:54:11,51.0,5,0.47,2.35,5,0.7,3.5,6
7,150,150.381,2.50635,20220506 12:54:12,51.5,5,0.64,3.2,5,0.59,2.95,7
8,151,151.38,2.523,20220506 12:54:13,52.0,5,0.41,2.05,5,0.72,3.6,8
9,152,152.384,2.5397333333,20220506 12:54:14,52.0,5,0.41,2.05,5,0.41,2.05,9
10,153,153.381,2.55635,20220506 12:54:15,52.25,5,0.4,2.0,5,0.41,2.05,10
11,154,154.385,2.5730833333,20220506 12:54:16,52.0,5,0.41,2.05,5,0.49,2.45,11
12,155,155.385,2.58975,20220506 12:54:17,51.75,5,0.4,2.0,5,0.41,2.05,12
13,156,156.383,2.6063833333,20220506 12:54:18,52.0,5,0.41,2.05,5,0.79,3.95,13
14,157,157.381,2.6230166667,20220506 12:54:19,51.5,5,0.45,2.25,5,0.49,2.45,14
15,158,158.382,2.6397,20220506 12:54:20,52.0,5,0.4,2.0,5,0.45,2.25,15
16,159,159.386,2.6564333333,20220506 12:54:21,51.75,5,0.41,2.05,5,0.8,4.0,16
17,160,160.385,2.6730833333,20220506 12:54:23,51.75,5,0.4,2.0,5,0.77,3.85,17
18,161,161.878,2.6979666667,20220506 12:54:23,52.0,5,0.41,2.05,5,0.77,3.85,18
19,162,162.381,2.70635,20220506 12:54:24,52.0,5,0.4,2.0,5,0.77,3.85,19
20,163,163.383,2.72305,20220506 12:54:25,51.75,5,0.41,2.05,5,0.41,2.05,20
21,164,164.381,2.7396833333,20220506 12:54:26,52.0,5,0.43,2.15,5,0.69,3.45,21
22,165,165.381,2.75635,20220506 12:54:27,51.75,5,0.4,2.0,5,0.47,2.35,22
23,166,166.384,2.7730666667,20220506 12:54:28,52.25,5,0.41,2.05,5,0.41,2.05,23
24,167,167.384,2.7897333333,20220506 12:54:29,52.0,5,0.41,2.05,5,0.7,3.5,24
25,168,168.382,2.8063666667,20220506 12:54:30,52.0,5,0.4,2.0,5,0.49,2.45,25
26,169,169.385,2.8230833333,20220506 12:54:31,52.5,5,0.41,2.05,5,0.41,2.05,26
27,170,170.383,2.8397166667,20220506 12:54:32,52.25,5,0.49,2.45,5,0.76,3.8,27
28,312,312.38,5.2063333333,20220506 12:56:54,49.25,5,0.41,2.05,5,0.69,3.45,0
29,313,313.385,5.2230833333,20220506 12:56:55,49.25,5,0.49,2.45,5,0.53,2.65,1
30,314,314.385,5.23975,20220506 12:56:56,49.75,5,0.49,2.45,5,0.56,2.8,2
31,315,315.385,5.2564166667,20220506 12:56:57,50.25,5,0.47,2.35,5,0.79,3.95,3
32,316,316.383,5.27305,20220506 12:56:58,51.0,5,0.4,2.0,5,0.49,2.45,4
33,317,317.383,5.2897166667,20220506 12:56:59,51.5,5,0.49,2.45,5,0.63,3.15,5
34,318,318.381,5.30635,20220506 12:57:00,52.25,5,0.46,2.3,5,0.55,2.75,6
35,319,319.381,5.3230166667,20220506 12:57:01,52.25,5,0.41,2.05,5,0.66,3.3,7
36,320,320.381,5.3396833333,20220506 12:57:02,52.5,5,0.41,2.05,5,0.41,2.05,8
37,321,321.385,5.3564166667,20220506 12:57:03,52.25,5,0.41,2.05,5,0.77,3.85,9
38,322,322.385,5.3730833333,20220506 12:57:04,52.0,5,0.4,2.0,5,0.41,2.05,10
39,323,323.385,5.38975,20220506 12:57:05,52.5,5,0.41,2.05,5,0.49,2.45,11
40,324,324.383,5.4063833333,20220506 12:57:06,52.25,5,0.41,2.05,5,0.49,2.45,12
41,325,325.381,5.4230166667,20220506 12:57:07,52.5,5,0.41,2.05,5,0.41,2.05,13
42,326,326.381,5.4396833333,20220506 12:57:08,52.5,5,0.4,2.0,5,0.71,3.55,14
43,327,327.385,5.4564166667,20220506 12:57:09,52.25,5,0.4,2.0,5,0.49,2.45,15
44,328,328.385,5.4730833333,20220506 12:57:10,52.25,5,0.4,2.0,5,0.41,2.05,16
45,329,329.383,5.4897166667,20220506 12:57:11,52.0,5,0.4,2.0,5,0.74,3.7,17
46,330,330.384,5.5064,20220506 12:57:12,52.25,5,0.4,2.0,5,0.41,2.05,18
47,331,331.384,5.5230666667,20220506 12:57:13,52.25,5,0.42,2.1,5,0.62,3.1,19
48,332,332.38,5.5396666667,20220506 12:57:14,52.0,5,0.41,2.05,5,0.77,2.45,20
49,333,333.387,5.55645,20220506 12:57:15,52.5,5,0.4,2.0,5,0.41,2.05,21
50,334,334.384,5.5730666667,20220506 12:57:16,52.25,5,0.45,2.25,5,0.72,3.6,22
51,335,335.384,5.5897333333,20220506 12:57:17,52.25,5,0.41,2.05,5,0.46,2.3,23
52,336,336.381,5.60635,20220506 12:57:18,52.75,5,0.4,2.0,5,0.41,2.05,24
53,337,337.385,5.6230833333,20220506 12:57:19,52.5,5,0.53,2.65,5,0.58,2.9,25
54,338,338.387,5.6397833333,20220506 12:57:20,52.5,5,0.4,2.0,5,0.44,2.2,26
55,339,339.383,5.6563833333,20220506 12:57:21,52.75,5,0.41,2.05,5,0.41,2.05,27
56,478,478.383,7.97305,20220506 12:59:40,49.25,5,0.4,2.0,5,0.45,2.25,0
57,479,479.381,7.9896833333,20220506 12:59:41,49.5,5,0.4,2.0,5,0.49,2.45,1
58,480,480.383,8.0063833333,20220506 12:59:42,49.5,5,0.55,2.75,5,0.55,2.75,2
59,481,481.39,8.0231666667,20220506 12:59:43,50.0,5,0.49,2.45,5,0.69,3.45,3
60,482,482.385,8.03975,20220506 12:59:44,51.0,5,0.4,2.0,5,0.79,3.95,4
61,483,483.388,8.0564666667,20220506 12:59:45,51.5,5,0.49,2.45,5,0.69,3.45,5
62,484,484.387,8.0731166667,20220506 12:59:46,52.0,5,0.52,2.6,5,0.63,3.15,6
63,485,485.383,8.0897166667,20220506 12:59:47,52.25,5,0.49,2.45,5,0.77,3.85,7
64,486,486.381,8.10635,20220506 12:59:48,52.25,5,0.41,2.05,5,0.49,2.45,8
65,487,487.381,8.1230166667,20220506 12:59:49,52.75,5,0.41,2.05,5,0.41,2.85,9
66,488,488.381,8.1396833333,20220506 12:59:50,52.25,5,0.41,2.05,5,0.77,3.85,10
67,489,489.39,8.1565,20220506 12:59:51,52.0,5,0.41,2.05,5,0.49,2.45,11
68,490,490.381,8.1730166667,20220506 12:59:52,52.25,5,0.42,2.1,5,0.76,3.8,12
69,491,491.388,8.1898,20220506 12:59:53,52.25,5,0.4,2.0,5,0.49,2.45,13
70,492,492.383,8.2063833333,20220506 12:59:54,52.0,5,0.41,2.05,5,0.41,2.05,14
71,493,493.381,8.2230166667,20220506 12:59:55,52.0,5,0.41,2.05,5,0.76,3.8,15
72,494,494.38,8.2396666667,20220506 12:59:56,52.25,5,0.4,2.0,5,0.41,2.05,16
73,495,495.38,8.2563333333,20220506 12:59:57,52.25,5,0.41,2.05,5,0.41,2.05,17
74,496,496.387,8.2731166667,20220506 12:59:58,52.0,5,0.41,2.05,5,0.49,2.45,18
75,497,497.388,8.2898,20220506 12:59:59,52.25,5,0.41,2.05,5,0.45,2.25,19
76,498,498.383,8.3063833333,20220506 13:00:00,52.5,5,0.41,2.05,5,0.78,3.9,20
77,499,499.383,8.32305,20220506 13:00:01,52.25,5,0.49,2.45,5,0.49,2.45,21
78,500,500.383,8.3397166667,20220506 13:00:02,52.5,5,0.41,2.05,5,0.41,2.05,22
79,501,501.388,8.3564666667,20220506 13:00:03,52.5,5,0.45,2.25,5,0.76,3.8,23
80,502,502.38,8.373,20220506 13:00:04,52.25,5,0.4,2.0,5,0.42,2.1,24
81,503,503.385,8.38975,20220506 13:00:05,52.5,5,0.41,2.05,5,0.41,2.05,25
82,504,504.382,8.4063666667,20220506 13:00:06,52.5,5,0.5,2.5,5,0.64,3.2,26
83,505,505.386,8.4231,20220506 13:00:07,52.5,5,0.49,2.45,5,0.47,2.35,27
84,143,143.47,2.3911666667,20220506 13:06:58,49.25,5,0.41,2.05,5,0.45,2.25,0
85,144,144.473,2.4078833333,20220506 13:06:59,49.0,5,0.41,2.05,5,0.48,2.4,1
86,145,145.471,2.4245166667,20220506 13:07:00,49.25,5,0.43,2.15,5,0.49,2.45,2
87,146,146.474,2.4412333333,20220506 13:07:01,49.75,5,0.51,2.55,5,0.63,3.15,3
88,147,147.475,2.4579166667,20220506 13:07:02,50.0,5,0.44,2.2,5,0.66,3.3,4
89,148,148.47,2.4745,20220506 13:07:03,50.5,5,0.41,2.05,5,0.62,3.1,5
90,149,149.471,2.4911833333,20220506 13:07:04,51.0,5,0.49,2.45,5,0.64,3.2,6
91,150,150.472,2.5078666667,20220506 13:07:05,51.75,5,0.59,2.95,5,0.61,3.05,7
92,151,151.475,2.5245833333,20220506 13:07:06,52.0,5,0.49,2.45,5,0.7,3.5,8
93,152,152.474,2.5412333333,20220506 13:07:07,52.25,5,0.41,2.05,5,0.49,2.45,9
94,153,153.474,2.5579,20220506 13:07:08,52.25,5,0.41,2.05,5,0.51,2.55,10
95,154,154.473,2.57455,20220506 13:07:09,51.75,5,0.41,2.05,5,0.76,3.8,11
96,155,155.47,2.5911666667,20220506 13:07:10,52.25,5,0.44,2.2,5,0.41,2.05,12
97,156,156.473,2.6078833333,20220506 13:07:11,52.0,5,0.41,2.05,5,0.72,3.6,13
98,157,157.471,2.6245166667,20220506 13:07:12,51.75,5,0.49,2.45,5,0.43,2.15,14
99,158,158.469,2.64115,20220506 13:07:13,52.25,5,0.41,2.05,5,0.41,2.05,15
100,159,159.472,2.6578666667,20220506 13:07:14,51.75,5,0.41,2.05,5,0.49,2.45,16
101,160,160.472,2.6745333333,20220506 13:07:15,51.75,5,0.4,2.0,5,0.41,2.05,17
102,161,161.47,2.6911666667,20220506 13:07:16,52.25,5,0.41,2.05,5,0.77,3.85,18
103,162,162.474,2.7079,20220506 13:07:17,52.0,5,0.41,2.05,5,0.49,2.45,19
104,163,163.473,2.72455,20220506 13:07:18,52.0,5,0.41,2.05,5,0.49,2.45,20
105,164,164.471,2.7411833333,20220506 13:07:19,52.0,5,0.41,2.05,5,0.81,4.05,21
106,165,165.474,2.7579,20220506 13:07:20,52.25,5,0.41,2.05,5,0.41,2.05,22
107,166,166.474,2.7745666667,20220506 13:07:21,52.5,5,0.41,2.05,5,0.41,2.05,23
108,167,167.474,2.7912333333,20220506 13:07:22,52.5,5,0.41,2.05,5,0.79,3.95,24
109,168,168.474,2.8079,20220506 13:07:23,52.5,5,0.43,2.15,5,0.41,2.05,25
110,169,169.47,2.8245,20220506 13:07:24,52.75,5,0.41,2.05,5,0.41,2.05,26
111,170,170.474,2.8412333333,20220506 13:07:25,52.5,5,0.6,3.0,5,0.59,2.95,27
112,171,171.471,2.85785,20220506 13:07:26,52.25,5,0.45,2.25,5,0.43,2.15,28
113,311,311.474,5.1912333333,20220506 13:09:46,49.75,5,0.41,2.05,5,0.43,2.15,0
114,312,312.473,5.2078833333,20220506 13:09:47,49.75,5,0.41,2.05,5,0.46,2.3,1
115,313,313.471,5.2245166667,20220506 13:09:48,49.75,5,0.63,3.15,5,0.7,3.5,2
116,314,314.474,5.2412333333,20220506 13:09:49,50.25,5,0.48,2.4,5,0.69,3.45,3
117,315,315.476,5.2579333333,20220506 13:09:50,51.0,5,0.41,2.05,5,0.81,4.05,4
118,316,316.476,5.2746,20220506 13:09:51,52.0,5,0.49,2.45,5,0.68,3.4,5
119,317,317.469,5.29115,20220506 13:09:52,52.25,5,0.45,2.25,5,0.73,3.65,6
120,318,318.469,5.3078166667,20220506 13:09:53,52.25,5,0.49,2.45,5,0.62,3.85,7
121,319,319.479,5.32465,20220506 13:09:54,52.5,5,0.41,2.05,5,0.49,2.45,8
122,320,320.474,5.3412333333,20220506 13:09:55,52.75,5,0.41,2.05,5,0.41,2.05,9
123,321,321.47,5.3578333333,20220506 13:09:56,52.5,5,0.41,2.05,5,0.49,2.45,10
124,322,322.472,5.3745333333,20220506 13:09:57,52.5,5,0.41,2.05,5,0.45,2.25,11
125,323,323.472,5.3912,20220506 13:09:58,52.75,5,0.41,2.05,5,0.73,3.65,12
126,324,324.471,5.40785,20220506 13:09:59,52.5,5,0.41,2.05,5,0.49,2.45,13
127,325,325.471,5.4245166667,20220506 13:10:00,52.75,5,0.41,2.05,5,0.52,2.6,14
128,326,326.473,5.4412166667,20220506 13:10:01,52.5,5,0.43,2.15,5,0.71,3.55,15
129,327,327.469,5.4578166667,20220506 13:10:02,52.5,5,0.41,2.05,5,0.41,2.05,16
130,328,328.479,5.47465,20220506 13:10:03,52.5,5,0.41,2.05,5,0.57,2.85,17
131,329,329.474,5.4912333333,20220506 13:10:04,52.25,5,0.47,2.35,5,0.49,2.45,18
132,330,330.469,5.5078166667,20220506 13:10:05,52.75,5,0.41,2.05,5,0.41,2.05,19
133,331,331.473,5.52455,20220506 13:10:06,52.75,5,0.45,2.25,5,0.73,3.65,20
134,332,332.473,5.5412166667,20220506 13:10:07,52.5,5,0.41,2.05,5,0.46,2.3,21
135,333,333.47,5.5578333333,20220506 13:10:08,53.0,5,0.41,2.05,5,0.46,2.3,22
136,334,334.469,5.5744833333,20220506 13:10:09,53.0,5,0.41,2.05,5,0.72,3.6,23
137,335,335.474,5.5912333333,20220506 13:10:10,52.5,5,0.41,2.05,5,0.41,2.05,24
138,336,336.473,5.6078833333,20220506 13:10:11,53.0,5,0.41,2.05,5,0.67,3.35,25
139,337,337.47,5.6245,20220506 13:10:12,52.5,5,0.49,2.45,5,0.66,3.3,26
140,478,478.473,7.97455,20220506 13:12:33,49.75,5,0.41,2.05,5,0.64,3.2,0
141,479,479.471,7.9911833333,20220506 13:12:34,50.0,5,0.58,2.9,5,0.5,2.5,1
142,480,480.474,8.0079,20220506 13:12:35,50.25,5,0.49,2.45,5,0.48,2.4,2
143,481,481.47,8.0245,20220506 13:12:36,50.5,5,0.49,2.45,5,0.67,3.35,3
144,482,482.47,8.0411666667,20220506 13:12:37,51.0,5,0.43,2.15,5,0.69,3.45,4
145,483,483.474,8.0579,20220506 13:12:38,51.75,5,0.46,2.3,5,0.66,3.3,5
146,484,484.474,8.0745666667,20220506 13:12:39,52.25,5,0.49,2.45,5,0.68,3.4,6
147,485,485.472,8.0912,20220506 13:12:40,52.25,5,0.47,2.35,5,0.75,3.75,7
148,486,486.471,8.10785,20220506 13:12:41,52.5,5,0.41,2.05,5,0.41,2.05,8
149,487,487.47,8.1245,20220506 13:12:42,53.0,5,0.41,2.05,5,0.41,2.05,9
150,488,488.474,8.1412333333,20220506 13:12:43,52.75,5,0.41,2.05,5,0.78,3.9,10
151,489,489.469,8.1578166667,20220506 13:12:44,52.25,5,0.41,2.05,5,0.47,2.35,11
152,490,490.469,8.1744833333,20220506 13:12:45,52.75,5,0.41,2.05,5,0.77,3.85,12
153,491,491.469,8.19115,20220506 13:12:46,52.5,5,0.41,2.05,5,0.49,2.45,13
154,492,492.472,8.2078666667,20220506 13:12:47,52.75,5,0.41,2.05,5,0.41,2.05,14
155,493,493.471,8.2245166667,20220506 13:12:48,52.5,5,0.41,2.05,5,0.82,4.1,15
156,494,494.474,8.2412333333,20220506 13:12:49,52.25,5,0.41,2.05,5,0.49,2.45,16
157,495,495.474,8.2579,20220506 13:12:50,52.5,5,0.41,2.05,5,0.43,2.15,17
158,496,496.474,8.2745666667,20220506 13:12:51,52.5,5,0.4,2.0,5,0.67,3.35,18
159,497,497.47,8.2911666667,20220506 13:12:52,52.5,5,0.41,2.05,5,0.41,2.05,19
160,498,498.474,8.3079,20220506 13:12:53,53.0,5,0.45,2.25,5,0.69,3.45,20
161,499,499.471,8.3245166667,20220506 13:12:54,52.75,5,0.41,2.05,5,0.47,2.35,21
162,500,500.471,8.3411833333,20220506 13:12:55,52.75,5,0.41,2.05,5,0.41,2.05,22
163,501,501.469,8.3578166667,20220506 13:12:56,52.75,5,0.41,2.05,5,0.7,3.5,23
164,502,502.469,8.3744833333,20220506 13:12:57,53.0,5,0.41,2.05,5,0.48,2.4,24
165,503,503.47,8.3911666667,20220506 13:12:58,53.0,5,0.41,2.05,5,0.77,3.85,25
166,504,504.474,8.4079,20220506 13:12:59,53.0,5,0.48,2.4,5,0.64,3.2,26
167,505,505.47,8.4245,20220506 13:13:00,53.25,5,0.41,2.05,5,0.41,2.05,27
168,506,506.47,8.4411666667,20220506 13:13:01,53.25,5,0.41,2.05,5,0.44,2.2,28
169,645,645.469,10.7578166667,20220506 13:15:20,49.75,5,0.41,2.05,5,0.45,2.25,0
170,646,646.474,10.7745666667,20220506 13:15:21,50.0,5,0.41,2.05,5,0.53,2.65,1
171,647,647.471,10.7911833333,20220506 13:15:22,50.5,5,0.52,2.6,5,0.52,2.6,2
172,648,648.479,10.8079833333,20220506 13:15:23,50.75,5,0.53,2.65,5,0.67,3.35,3
173,649,649.469,10.8244833333,20220506 13:15:24,51.0,5,0.41,2.05,5,0.77,3.85,4
174,650,650.469,10.84115,20220506 13:15:25,51.5,5,0.43,2.15,5,0.65,3.25,5
175,651,651.47,10.8578333333,20220506 13:15:26,52.25,5,0.49,2.45,5,0.49,2.45,6
176,652,652.471,10.8745166667,20220506 13:15:27,52.75,5,0.54,2.7,5,0.75,3.75,7
177,653,653.469,10.89115,20220506 13:15:28,53.0,5,0.41,2.05,5,0.49,2.45,8
178,654,654.469,10.9078166667,20220506 13:15:29,53.25,5,0.41,2.05,5,0.41,2.05,9
179,655,655.471,10.9245166667,20220506 13:15:30,53.0,5,0.41,2.05,5,0.73,3.65,10
180,656,656.47,10.9411666667,20220506 13:15:31,53.0,5,0.41,2.05,5,0.41,2.05,11
181,657,657.469,10.9578166667,20220506 13:15:32,53.25,5,0.41,2.05,5,0.41,2.05,12
182,658,658.472,10.9745333333,20220506 13:15:33,52.75,5,0.41,2.05,5,0.49,2.45,13
183,659,659.474,10.9912333333,20220506 13:15:34,53.0,5,0.41,2.05,5,0.41,2.05,14
184,660,660.469,11.0078166667,20220506 13:15:35,53.0,5,0.41,2.05,5,0.68,3.4,15
185,661,661.472,11.0245333333,20220506 13:15:36,52.75,5,0.4,2.0,5,0.49,2.45,16
186,662,662.472,11.0412,20220506 13:15:37,53.0,5,0.41,2.05,5,0.43,2.15,17
187,663,663.473,11.0578833333,20220506 13:15:38,53.0,5,0.41,2.05,5,0.69,3.45,18
188,664,664.469,11.0744833333,20220506 13:15:39,52.5,5,0.41,2.05,5,0.49,2.45,19
189,665,665.473,11.0912166667,20220506 13:15:40,53.0,5,0.41,2.05,5,0.52,2.6,20
190,666,666.474,11.1079,20220506 13:15:41,53.0,5,0.41,2.05,5,0.71,3.55,21
191,667,667.47,11.1245,20220506 13:15:42,53.25,5,0.41,2.05,5,0.41,2.05,22
192,668,668.472,11.1412,20220506 13:15:43,53.25,5,0.41,2.05,5,0.68,3.4,23
193,669,669.473,11.1578833333,20220506 13:15:44,53.0,5,0.41,2.05,5,0.47,2.35,24
194,670,670.473,11.17455,20220506 13:15:45,53.5,5,0.41,2.05,5,0.41,2.05,25
195,671,671.471,11.1911833333,20220506 13:15:46,53.25,5,0.42,2.1,5,0.66,3.3,26
196,672,672.469,11.2078166667,20220506 13:15:47,53.0,5,0.45,2.25,5,0.5,2.5,27
197,813,813.469,13.5578166667,20220506 13:18:08,49.75,5,0.41,2.05,5,0.71,3.55,0
198,814,814.474,13.5745666667,20220506 13:18:09,49.75,5,0.51,2.55,5,0.64,3.2,1
199,815,815.469,13.59115,20220506 13:18:10,50.5,5,0.56,2.8,5,0.63,3.15,2
200,816,816.473,13.6078833333,20220506 13:18:11,51.0,5,0.42,2.1,5,0.77,3.85,3
201,817,817.474,13.6245666667,20220506 13:18:12,52.0,5,0.44,2.2,5,0.7,3.5,4
202,818,818.471,13.6411833333,20220506 13:18:13,52.5,5,0.49,2.45,5,0.49,2.45,5
203,819,819.474,13.6579,20220506 13:18:14,52.5,5,0.58,2.9,5,0.69,3.45,6
204,820,820.471,13.6745166667,20220506 13:18:15,52.75,5,0.45,2.25,5,0.51,2.55,7
205,821,821.474,13.6912333333,20220506 13:18:16,53.0,5,0.41,2.05,5,0.46,2.3,8
206,822,822.471,13.70785,20220506 13:18:17,53.0,5,0.41,2.05,5,0.71,3.55,9
207,823,823.472,13.7245333333,20220506 13:18:18,52.75,5,0.41,2.05,5,0.75,3.75,10
208,824,824.471,13.7411833333,20220506 13:18:19,52.75,5,0.41,2.05,5,0.41,2.05,11
209,825,825.474,13.7579,20220506 13:18:20,52.75,5,0.45,2.25,5,0.7,3.5,12
210,826,826.471,13.7745166667,20220506 13:18:21,52.25,5,0.45,2.25,5,0.45,2.25,13
211,827,827.474,13.7912333333,20220506 13:18:22,52.5,5,0.41,2.05,5,0.45,2.25,14
212,828,828.474,13.8079,20220506 13:18:23,52.25,5,0.46,2.3,5,0.74,3.7,15
213,829,829.47,13.8245,20220506 13:18:24,52.5,5,0.41,2.05,5,0.47,2.35,16
214,830,830.47,13.8411666667,20220506 13:18:25,52.75,5,0.41,2.05,5,0.53,2.65,17
215,831,831.471,13.85785,20220506 13:18:26,52.5,5,0.41,2.05,5,0.78,3.9,18
216,832,832.471,13.8745166667,20220506 13:18:27,52.5,5,0.41,2.05,5,0.41,2.05,19
217,833,833.472,13.8912,20220506 13:18:28,52.75,5,0.41,2.05,5,0.68,3.4,20
218,834,834.471,13.90785,20220506 13:18:29,52.5,5,0.41,2.05,5,0.41,2.05,21
219,835,835.473,13.92455,20220506 13:18:30,52.75,5,0.41,2.05,5,0.41,2.05,22
220,836,836.473,13.9412166667,20220506 13:18:31,52.75,5,0.41,2.05,5,0.72,3.6,23
221,837,837.474,13.9579,20220506 13:18:32,52.5,5,0.41,2.05,5,0.45,2.25,24
222,838,838.471,13.9745166667,20220506 13:18:33,52.75,5,0.41,2.05,5,0.41,2.05,25
223,839,839.47,13.9911666667,20220506 13:18:34,52.75,5,0.5,2.5,5,0.53,2.65,26
224,840,840.471,14.00785,20220506 13:18:35,53.0,5,0.41,2.05,5,0.49,2.45,27
225,980,980.474,16.3412333333,20220506 13:20:55,50.0,5,0.41,2.05,5,0.45,2.25,0
226,981,981.47,16.3578333333,20220506 13:20:56,50.0,5,0.41,2.05,5,0.49,2.45,1
227,982,982.471,16.3745166667,20220506 13:20:57,50.5,5,0.63,3.15,5,0.69,3.45,2
228,983,983.472,16.3912,20220506 13:20:58,51.0,5,0.52,2.6,5,0.68,3.4,3
229,984,984.469,16.4078166667,20220506 13:20:59,51.25,5,0.41,2.05,5,0.83,4.15,4
230,985,985.469,16.4244833333,20220506 13:21:00,51.75,5,0.55,2.75,5,0.61,3.05,5
231,986,986.471,16.4411833333,20220506 13:21:01,52.25,5,0.56,2.8,5,0.68,3.4,6
232,987,987.472,16.4578666667,20220506 13:21:02,52.25,5,0.49,2.45,5,0.68,3.4,7
233,988,988.474,16.4745666667,20220506 13:21:03,52.75,5,0.41,2.05,5,0.49,2.45,8
234,989,989.474,16.4912333333,20220506 13:21:04,53.0,5,0.41,2.05,5,0.41,2.05,9
235,990,990.472,16.5078666667,20220506 13:21:05,52.75,5,0.41,2.05,5,0.71,3.55,10
236,991,991.47,16.5245,20220506 13:21:06,52.5,5,0.41,2.05,5,0.43,2.15,11
237,992,992.474,16.5412333333,20220506 13:21:07,52.75,5,0.41,2.05,5,0.41,2.05,12
238,993,993.469,16.5578166667,20220506 13:21:08,52.5,5,0.45,2.25,5,0.49,2.45,13
239,994,994.471,16.5745166667,20220506 13:21:09,52.5,5,0.49,2.45,5,0.46,2.3,14
240,995,995.474,16.5912333333,20220506 13:21:10,52.5,5,0.41,2.05,5,0.41,2.05,15
241,996,996.474,16.6079,20220506 13:21:11,52.25,5,0.41,2.05,5,0.49,2.45,16
242,997,997.472,16.6245333333,20220506 13:21:12,52.75,5,0.41,2.05,5,0.41,2.05,17
243,998,998.469,16.64115,20220506 13:21:13,52.75,5,0.41,2.05,5,0.7,3.5,18
244,999,999.474,16.6579,20220506 13:21:14,52.5,5,0.41,2.05,5,0.49,2.45,19
245,1000,1000.474,16.6745666667,20220506 13:21:15,52.75,5,0.41,2.05,5,0.46,2.3,20
246,1001,1001.47,16.6911666667,20220506 13:21:16,52.75,5,0.41,2.05,5,0.7,3.5,21
247,1002,1002.474,16.7079,20220506 13:21:17,52.5,5,0.41,2.05,5,0.41,2.05,22
248,1003,1003.47,16.7245,20220506 13:21:18,52.75,5,0.41,2.05,5,0.41,2.05,23
249,1004,1004.469,16.74115,20220506 13:21:19,52.5,5,0.41,2.05,5,0.5,2.5,24
250,1005,1005.47,16.7578333333,20220506 13:21:20,53.0,5,0.41,2.05,5,0.41,2.05,25
251,1006,1006.469,16.7744833333,20220506 13:21:21,53.0,5,0.41,2.05,5,0.81,4.05,26
252,1007,1007.473,16.7912166667,20220506 13:21:22,52.5,5,0.49,2.45,5,0.61,3.05,27
253,1148,1148.471,19.1411833333,20220506 13:23:43,49.75,5,0.41,2.05,5,0.58,2.9,0
254,1149,1149.472,19.1578666667,20220506 13:23:44,50.0,5,0.6,3.0,5,0.6,3.0,1
255,1150,1150.474,19.1745666667,20220506 13:23:45,50.25,5,0.46,2.3,5,0.54,2.7,2
256,1151,1151.478,19.1913,20220506 13:23:46,50.5,5,0.49,2.45,5,0.64,3.2,3
257,1152,1152.469,19.2078166667,20220506 13:23:47,51.0,5,0.42,2.1,5,0.69,3.45,4
258,1153,1153.476,19.2246,20220506 13:23:48,51.5,5,0.49,2.45,5,0.69,3.45,5
259,1154,1154.479,19.2413166667,20220506 13:23:49,52.25,5,0.55,2.75,5,0.61,3.05,6
260,1155,1155.473,19.2578833333,20220506 13:23:50,52.5,5,0.53,2.65,5,0.79,3.95,7
261,1156,1156.469,19.2744833333,20220506 13:23:51,53.0,5,0.41,2.05,5,0.47,2.35,8
262,1157,1157.471,19.2911833333,20220506 13:23:52,53.25,5,0.41,2.05,5,0.41,2.05,9
263,1158,1158.472,19.3078666667,20220506 13:23:53,52.75,5,0.41,2.05,5,0.68,3.4,10
264,1159,1159.472,19.3245333333,20220506 13:23:54,52.75,5,0.41,2.05,5,0.49,2.45,11
265,1160,1160.478,19.3413,20220506 13:23:55,53.0,5,0.41,2.05,5,0.41,2.05,12
266,1161,1161.47,19.3578333333,20220506 13:23:56,52.75,5,0.41,2.05,5,0.49,2.45,13
267,1162,1162.473,19.37455,20220506 13:23:57,52.75,5,0.41,2.05,5,0.41,2.05,14
268,1163,1163.477,19.3912833333,20220506 13:23:58,53.0,5,0.41,2.05,5,0.73,3.65,15
269,1164,1164.471,19.40785,20220506 13:23:59,52.75,5,0.41,2.05,5,0.49,2.45,16
270,1165,1165.472,19.4245333333,20220506 13:24:00,53.0,5,0.41,2.05,5,0.59,2.95,17
271,1166,1166.47,19.4411666667,20220506 13:24:01,53.0,5,0.45,2.25,5,0.75,3.75,18
272,1167,1167.474,19.4579,20220506 13:24:02,53.0,5,0.41,2.05,5,0.41,2.05,19
273,1168,1168.477,19.4746166667,20220506 13:24:03,53.25,5,0.41,2.05,5,0.53,2.65,20
274,1169,1169.479,19.4913166667,20220506 13:24:04,52.75,5,0.43,2.15,5,0.49,2.45,21
275,1170,1170.47,19.5078333333,20220506 13:24:05,53.0,5,0.41,2.05,5,0.41,2.05,22
276,1171,1171.469,19.5244833333,20220506 13:24:06,53.0,5,0.43,2.15,5,0.67,3.35,23
277,1172,1172.472,19.5412,20220506 13:24:07,52.75,5,0.41,2.05,5,0.46,2.3,24
278,1173,1173.47,19.5578333333,20220506 13:24:08,53.25,5,0.41,2.05,5,0.41,2.05,25
279,1174,1174.48,19.5746666667,20220506 13:24:09,53.0,5,0.43,2.15,5,0.71,3.55,26
280,1175,1175.479,19.5913166667,20220506 13:24:10,52.75,5,0.41,2.05,5,0.48,2.4,27
281,1316,1316.47,21.9411666667,20220506 13:26:31,49.5,5,0.4,2.0,5,0.63,3.15,0
282,1317,1317.469,21.9578166667,20220506 13:26:32,49.75,5,0.43,2.15,5,0.64,3.2,1
283,1318,1318.469,21.9744833333,20220506 13:26:33,50.5,5,0.49,2.45,5,0.59,2.95,2
284,1319,1319.472,21.9912,20220506 13:26:34,51.25,5,0.44,2.2,5,0.77,3.85,3
285,1320,1320.469,22.0078166667,20220506 13:26:35,51.75,5,0.43,2.15,5,0.66,3.3,4
286,1321,1321.474,22.0245666667,20220506 13:26:36,52.25,5,0.49,2.45,5,0.52,2.6,5
287,1322,1322.474,22.0412333333,20220506 13:26:37,52.5,5,0.55,2.75,5,0.77,3.85,6
288,1323,1323.474,22.0579,20220506 13:26:38,52.75,5,0.47,2.35,5,0.49,2.45,7
289,1324,1324.469,22.0744833333,20220506 13:26:39,53.0,5,0.41,2.05,5,0.41,2.05,8
290,1325,1325.474,22.0912333333,20220506 13:26:40,52.75,5,0.41,2.05,5,0.75,3.75,9
291,1326,1326.472,22.1078666667,20220506 13:26:41,52.5,5,0.41,2.05,5,0.69,3.45,10
292,1327,1327.473,22.12455,20220506 13:26:42,52.75,5,0.41,2.05,5,0.41,2.05,11
293,1328,1328.473,22.1412166667,20220506 13:26:43,52.75,5,0.46,2.3,5,0.76,3.8,12
294,1329,1329.469,22.1578166667,20220506 13:26:44,52.5,5,0.41,2.05,5,0.41,2.05,13
295,1330,1330.471,22.1745166667,20220506 13:26:45,52.5,5,0.41,2.05,5,0.41,2.05,14
296,1331,1331.47,22.1911666667,20220506 13:26:46,52.25,5,0.41,2.05,5,0.49,2.45,15
297,1332,1332.472,22.2078666667,20220506 13:26:47,52.75,5,0.41,2.05,5,0.43,2.15,16
298,1333,1333.472,22.2245333333,20220506 13:26:48,52.75,5,0.41,2.05,5,0.77,3.85,17
299,1334,1334.472,22.2412,20220506 13:26:49,52.5,5,0.41,2.05,5,0.49,2.45,18
300,1335,1335.47,22.2578333333,20220506 13:26:50,52.5,5,0.4,2.0,5,0.45,2.25,19
301,1336,1336.472,22.2745333333,20220506 13:26:51,52.5,5,0.4,2.0,5,0.69,3.45,20
302,1337,1337.47,22.2911666667,20220506 13:26:52,52.25,5,0.4,2.0,5,0.41,2.05,21
303,1338,1338.471,22.30785,20220506 13:26:53,52.75,5,0.41,2.05,5,0.41,2.05,22
304,1339,1339.472,22.3245333333,20220506 13:26:54,52.75,5,0.41,2.05,5,0.51,2.55,23
305,1340,1340.471,22.3411833333,20220506 13:26:55,52.5,5,0.41,2.05,5,0.41,2.05,24
306,1341,1341.469,22.3578166667,20220506 13:26:56,52.75,5,0.4,2.0,5,0.41,2.05,25
307,1342,1342.474,22.3745666667,20220506 13:26:57,52.75,5,0.61,3.05,5,0.58,2.9,26
308,1343,1343.47,22.3911666667,20220506 13:26:58,53.0,5,0.41,2.05,5,0.46,2.3,27
309,1483,1483.472,24.7245333333,20220506 13:29:18,50.25,5,0.41,2.05,5,0.45,2.25,0
310,1484,1484.474,24.7412333333,20220506 13:29:19,50.25,5,0.41,2.05,5,0.41,2.05,1
311,1485,1485.474,24.7579,20220506 13:29:20,50.5,5,0.49,2.45,5,0.58,2.9,2
312,1486,1486.474,24.7745666667,20220506 13:29:21,51.0,5,0.49,2.45,5,0.66,3.3,3
313,1487,1487.472,24.7912,20220506 13:29:22,51.25,5,0.41,2.05,5,0.89,4.45,4
314,1488,1488.47,24.8078333333,20220506 13:29:23,51.75,5,0.49,2.45,5,0.57,2.85,5
315,1489,1489.474,24.8245666667,20220506 13:29:24,52.25,5,0.51,2.55,5,0.55,2.75,6
316,1490,1490.474,24.8412333333,20220506 13:29:25,52.75,5,0.49,2.45,5,0.49,2.45,7
317,1491,1491.474,24.8579,20220506 13:29:26,52.75,5,0.41,2.05,5,0.41,2.05,8
318,1492,1492.474,24.8745666667,20220506 13:29:27,53.0,5,0.41,2.05,5,0.41,3.6,9
319,1493,1493.472,24.8912,20220506 13:29:28,52.75,5,0.4,2.0,5,0.49,2.45,10
320,1494,1494.469,24.9078166667,20220506 13:29:29,52.75,5,0.41,2.05,5,0.47,2.35,11
321,1495,1495.471,24.9245166667,20220506 13:29:30,52.75,5,0.41,2.05,5,0.83,4.15,12
322,1496,1496.469,24.94115,20220506 13:29:31,52.5,5,0.41,2.05,5,0.49,2.45,13
323,1497,1497.469,24.9578166667,20220506 13:29:32,52.75,5,0.41,2.05,5,0.41,2.05,14
324,1498,1498.473,24.97455,20220506 13:29:33,52.5,5,0.41,2.05,5,0.68,3.4,15
325,1499,1499.47,24.9911666667,20220506 13:29:34,52.75,5,0.41,2.05,5,0.41,2.05,16
326,1500,1500.473,25.0078833333,20220506 13:29:35,53.0,5,0.41,2.05,5,0.44,2.2,17
327,1501,1501.472,25.0245333333,20220506 13:29:36,52.5,5,0.41,2.05,5,0.58,2.9,18
328,1502,1502.47,25.0411666667,20220506 13:29:37,52.75,5,0.41,2.05,5,0.42,2.1,19
329,1503,1503.474,25.0579,20220506 13:29:38,53.0,5,0.41,2.05,5,0.72,3.6,20
330,1504,1504.474,25.0745666667,20220506 13:29:39,52.75,5,0.41,2.05,5,0.49,2.45,21
331,1505,1505.471,25.0911833333,20220506 13:29:40,53.0,5,0.41,2.05,5,0.41,2.05,22
332,1506,1506.474,25.1079,20220506 13:29:41,52.75,5,0.41,2.05,5,0.74,3.7,23
333,1507,1507.474,25.1245666667,20220506 13:29:42,52.75,5,0.41,2.05,5,0.43,2.15,24
334,1508,1508.473,25.1412166667,20220506 13:29:43,53.0,5,0.41,2.05,5,0.41,2.05,25
335,1509,1509.47,25.1578333333,20220506 13:29:44,52.75,5,0.49,2.45,5,0.61,3.05,26
336,1510,1510.469,25.1744833333,20220506 13:29:45,53.0,5,0.43,2.15,5,0.41,2.05,27
337,1650,1650.474,27.5079,20220506 13:32:05,49.5,5,0.41,2.05,5,0.43,2.15,0
338,1651,1651.474,27.5245666667,20220506 13:32:06,49.5,5,0.4,2.0,5,0.64,3.2,1
339,1652,1652.474,27.5412333333,20220506 13:32:07,49.75,5,0.49,2.45,5,0.53,2.65,2
340,1653,1653.474,27.5579,20220506 13:32:08,50.25,5,0.49,2.45,5,0.64,3.2,3
341,1654,1654.474,27.5745666667,20220506 13:32:09,51.0,5,0.46,2.3,5,0.76,3.8,4
342,1655,1655.473,27.5912166667,20220506 13:32:10,51.25,5,0.49,2.45,5,0.61,3.05,5
343,1656,1656.471,27.60785,20220506 13:32:11,52.0,5,0.59,2.95,5,0.74,3.7,6
344,1657,1657.47,27.6245,20220506 13:32:12,52.5,5,0.49,2.45,5,0.51,2.55,7
345,1658,1658.469,27.64115,20220506 13:32:13,52.75,5,0.4,2.0,5,0.49,2.45,8
346,1659,1659.475,27.6579166667,20220506 13:32:14,53.0,5,0.41,2.05,5,0.41,2.05,9
347,1660,1660.473,27.67455,20220506 13:32:15,52.75,5,0.41,2.05,5,0.68,3.4,10
348,1661,1661.474,27.6912333333,20220506 13:32:16,52.5,5,0.41,2.05,5,0.49,2.45,11
349,1662,1662.473,27.7078833333,20220506 13:32:17,52.75,5,0.41,2.05,5,0.78,3.9,12
350,1663,1663.47,27.7245,20220506 13:32:18,52.5,5,0.45,2.25,5,0.49,2.45,13
351,1664,1664.473,27.7412166667,20220506 13:32:19,52.5,5,0.41,2.05,5,0.45,2.25,14
352,1665,1665.474,27.7579,20220506 13:32:20,52.75,5,0.41,2.05,5,0.69,3.45,15
353,1666,1666.474,27.7745666667,20220506 13:32:21,52.5,5,0.4,2.0,5,0.49,2.45,16
354,1667,1667.47,27.7911666667,20220506 13:32:22,52.5,5,0.41,2.05,5,0.41,2.05,17
355,1668,1668.473,27.8078833333,20220506 13:32:23,52.25,5,0.41,2.05,5,0.65,3.25,18
356,1669,1669.473,27.82455,20220506 13:32:24,52.5,5,0.41,2.05,5,0.41,2.05,19
357,1670,1670.47,27.8411666667,20220506 13:32:25,52.5,5,0.41,2.05,5,0.49,2.45,20
358,1671,1671.47,27.8578333333,20220506 13:32:26,52.5,5,0.41,2.05,5,0.49,2.45,21
359,1672,1672.471,27.8745166667,20220506 13:32:27,52.75,5,0.4,2.0,5,0.41,2.05,22
360,1673,1673.474,27.8912333333,20220506 13:32:28,52.75,5,0.41,2.05,5,0.66,3.3,23
361,1674,1674.474,27.9079,20220506 13:32:29,52.5,5,0.4,2.0,5,0.49,2.45,24
362,1675,1675.474,27.9245666667,20220506 13:32:30,52.75,5,0.41,2.05,5,0.61,3.05,25
363,1676,1676.472,27.9412,20220506 13:32:31,52.75,5,0.52,2.6,5,0.64,3.2,26
364,443,443.464,7.3910666667,20220506 13:48:39,49.25,5,0.41,2.05,5,0.65,3.25,0
365,444,444.467,7.4077833333,20220506 13:48:40,49.25,5,0.52,2.6,5,0.41,2.05,1
366,445,445.465,7.4244166667,20220506 13:48:41,49.75,5,0.5,2.5,5,0.61,3.05,2
367,446,446.465,7.4410833333,20220506 13:48:42,49.75,5,0.43,2.15,5,0.7,3.5,3
368,447,447.468,7.4578,20220506 13:48:43,50.25,5,0.45,2.25,5,0.81,4.05,4
369,448,448.464,7.4744,20220506 13:48:44,51.0,5,0.49,2.45,5,0.74,3.7,5
370,449,449.467,7.4911166667,20220506 13:48:45,51.5,5,0.55,2.75,5,0.66,3.3,6
371,450,450.467,7.5077833333,20220506 13:48:46,51.75,5,0.45,2.25,5,0.66,3.3,7
372,451,451.465,7.5244166667,20220506 13:48:47,52.0,5,0.41,2.05,5,0.41,2.05,8
373,452,452.464,7.5410666667,20220506 13:48:49,52.25,5,0.41,2.05,5,0.49,2.45,9
374,453,453.549,7.55915,20220506 13:48:49,51.75,5,0.41,2.05,5,0.49,2.45,10
375,454,454.463,7.5743833333,20220506 13:48:50,52.0,5,0.41,2.05,5,0.49,2.45,11
376,455,455.463,7.59105,20220506 13:48:51,52.0,5,0.41,2.05,5,0.73,3.65,12
377,456,456.464,7.6077333333,20220506 13:48:52,51.75,5,0.41,2.05,5,0.49,2.45,13
378,457,457.463,7.6243833333,20220506 13:48:53,52.25,5,0.41,2.05,5,0.41,2.05,14
379,458,458.465,7.6410833333,20220506 13:48:54,52.0,5,0.41,2.05,5,0.81,4.05,15
380,459,459.463,7.6577166667,20220506 13:48:55,51.75,5,0.41,2.05,5,0.49,2.45,16
381,460,460.463,7.6743833333,20220506 13:48:56,52.25,5,0.41,2.05,5,0.41,2.05,17
382,461,461.464,7.6910666667,20220506 13:48:57,52.25,5,0.44,2.2,5,0.75,3.75,18
383,462,462.468,7.7078,20220506 13:48:58,52.0,5,0.41,2.05,5,0.49,2.45,19
384,463,463.466,7.7244333333,20220506 13:48:59,52.25,5,0.41,2.05,5,0.65,3.25,20
385,464,464.465,7.7410833333,20220506 13:49:00,52.25,5,0.43,2.15,5,0.76,3.8,21
386,465,465.465,7.75775,20220506 13:49:01,52.25,5,0.41,2.05,5,0.47,2.35,22
387,466,466.467,7.77445,20220506 13:49:02,52.25,5,0.45,2.25,5,0.72,3.6,23
388,467,467.464,7.7910666667,20220506 13:49:03,52.0,5,0.41,2.05,5,0.51,2.55,24
389,468,468.468,7.8078,20220506 13:49:04,52.25,5,0.41,2.05,5,0.41,2.05,25
390,469,469.467,7.82445,20220506 13:49:05,52.25,5,0.49,2.45,5,0.69,3.45,26
391,470,470.463,7.84105,20220506 13:49:06,52.0,5,0.45,2.25,5,0.46,2.3,27
392,610,610.468,10.1744666667,20220506 13:51:26,49.25,5,0.4,2.0,5,0.45,2.25,0
393,611,611.467,10.1911166667,20220506 13:51:27,49.5,5,0.43,2.15,5,0.68,3.4,1
394,612,612.468,10.2078,20220506 13:51:28,49.5,5,0.49,2.45,5,0.58,2.9,2
395,613,613.463,10.2243833333,20220506 13:51:29,50.0,5,0.49,2.45,5,0.69,3.45,3
396,614,614.463,10.24105,20220506 13:51:30,50.5,5,0.46,2.3,5,0.76,3.8,4
397,615,615.467,10.2577833333,20220506 13:51:31,51.0,5,0.49,2.45,5,0.58,2.9,5
398,616,616.467,10.27445,20220506 13:51:32,51.5,5,0.57,2.85,5,0.72,3.6,6
399,617,617.467,10.2911166667,20220506 13:51:33,52.25,5,0.49,2.45,5,0.58,2.9,7
400,618,618.467,10.3077833333,20220506 13:51:34,52.5,5,0.41,2.05,5,0.49,2.45,8
401,619,619.463,10.3243833333,20220506 13:51:35,52.75,5,0.41,2.05,5,0.41,2.05,9
402,620,620.467,10.3411166667,20220506 13:51:36,52.5,5,0.41,2.05,5,0.56,3.85,10
403,621,621.466,10.3577666667,20220506 13:51:37,52.25,5,0.41,2.05,5,0.49,2.45,11
404,622,622.468,10.3744666667,20220506 13:51:38,52.5,5,0.41,2.05,5,0.41,2.05,12
405,623,623.467,10.3911166667,20220506 13:51:39,52.25,5,0.43,2.15,5,0.49,2.45,13
406,624,624.468,10.4078,20220506 13:51:40,52.25,5,0.41,2.05,5,0.45,2.25,14
407,625,625.466,10.4244333333,20220506 13:51:41,52.5,5,0.41,2.05,5,0.76,3.8,15
408,626,626.465,10.4410833333,20220506 13:51:42,52.25,5,0.41,2.05,5,0.49,2.45,16
409,627,627.465,10.45775,20220506 13:51:43,52.25,5,0.41,2.05,5,0.41,2.05,17
410,628,628.463,10.4743833333,20220506 13:51:44,52.0,5,0.41,2.05,5,0.68,3.4,18
411,629,629.466,10.4911,20220506 13:51:45,52.25,5,0.41,2.05,5,0.41,2.05,19
412,630,630.463,10.5077166667,20220506 13:51:46,52.25,5,0.41,2.05,5,0.49,2.45,20
413,631,631.468,10.5244666667,20220506 13:51:47,52.25,5,0.41,2.05,5,0.49,2.45,21
414,632,632.463,10.54105,20220506 13:51:48,52.5,5,0.41,2.05,5,0.44,2.2,22
415,633,633.464,10.5577333333,20220506 13:51:49,52.75,5,0.41,2.05,5,0.83,4.15,23
416,634,634.467,10.57445,20220506 13:51:50,52.5,5,0.41,2.05,5,0.52,2.6,24
417,635,635.464,10.5910666667,20220506 13:51:51,52.75,5,0.41,2.05,5,0.41,2.05,25
418,636,636.468,10.6078,20220506 13:51:52,52.75,5,0.49,2.45,5,0.79,3.95,26
419,637,637.463,10.6243833333,20220506 13:51:53,52.5,5,0.41,2.05,5,0.66,3.3,27
420,778,778.465,12.9744166667,20220506 13:54:14,49.5,5,0.41,2.05,5,0.69,3.45,0
421,779,779.468,12.9911333333,20220506 13:54:15,49.5,5,0.52,2.6,5,0.49,2.45,1
422,780,780.465,13.00775,20220506 13:54:16,50.0,5,0.42,2.1,5,0.58,2.9,2
423,781,781.463,13.0243833333,20220506 13:54:17,51.0,5,0.49,2.45,5,0.68,3.4,3
424,782,782.466,13.0411,20220506 13:54:18,51.25,5,0.43,2.15,5,0.74,3.7,4
425,783,783.467,13.0577833333,20220506 13:54:19,51.75,5,0.49,2.45,5,0.59,2.95,5
426,784,784.464,13.0744,20220506 13:54:20,52.0,5,0.49,2.45,5,0.69,3.45,6
427,785,785.464,13.0910666667,20220506 13:54:21,52.25,5,0.47,2.35,5,0.77,3.85,7
428,786,786.464,13.1077333333,20220506 13:54:22,52.5,5,0.41,2.05,5,0.41,2.05,8
429,787,787.465,13.1244166667,20220506 13:54:23,52.5,5,0.41,2.05,5,0.41,2.05,9
430,788,788.466,13.1411,20220506 13:54:24,52.25,5,0.41,2.05,5,0.65,3.25,10
431,789,789.463,13.1577166667,20220506 13:54:25,52.25,5,0.44,2.2,5,0.56,2.8,11
432,790,790.464,13.1744,20220506 13:54:26,52.25,5,0.41,2.05,5,0.8,4.0,12
433,791,791.463,13.19105,20220506 13:54:27,52.25,5,0.41,2.05,5,0.49,2.45,13
434,792,792.464,13.2077333333,20220506 13:54:28,52.5,5,0.41,2.05,5,0.41,2.05,14
435,793,793.467,13.22445,20220506 13:54:29,52.25,5,0.41,2.05,5,0.75,3.75,15
436,794,794.467,13.2411166667,20220506 13:54:30,52.25,5,0.41,2.05,5,0.49,2.45,16
437,795,795.468,13.2578,20220506 13:54:31,52.5,5,0.41,2.05,5,0.43,2.15,17
438,796,796.464,13.2744,20220506 13:54:32,52.25,5,0.42,2.1,5,0.73,3.65,18
439,797,797.468,13.2911333333,20220506 13:54:33,52.25,5,0.41,2.05,5,0.41,2.05,19
440,798,798.465,13.30775,20220506 13:54:34,52.5,5,0.41,2.05,5,0.6,3.0,20
441,799,799.463,13.3243833333,20220506 13:54:35,52.25,5,0.41,2.05,5,0.52,2.6,21
442,800,800.468,13.3411333333,20220506 13:54:36,52.5,5,0.41,2.05,5,0.41,2.05,22
443,801,801.464,13.3577333333,20220506 13:54:37,52.5,5,0.43,2.15,5,0.49,2.45,23
444,802,802.464,13.3744,20220506 13:54:38,52.25,5,0.41,2.05,5,0.45,2.25,24
445,803,803.464,13.3910666667,20220506 13:54:39,52.5,5,0.41,2.05,5,0.68,3.4,25
446,804,804.464,13.4077333333,20220506 13:54:40,52.0,5,0.62,3.1,5,0.62,3.1,26
447,805,805.468,13.4244666667,20220506 13:54:41,52.5,5,0.41,2.05,5,0.49,2.45,27
448,443,443.569,7.3928166667,20220506 14:12:47,50.0,5,0.41,2.05,5,0.51,2.55,0
449,444,444.569,7.4094833333,20220506 14:12:48,50.0,5,0.51,2.55,5,0.66,3.3,1
450,445,445.574,7.4262333333,20220506 14:12:49,50.0,5,0.63,3.15,5,0.67,3.35,2
451,446,446.572,7.4428666667,20220506 14:12:50,51.25,5,0.49,2.45,5,0.69,3.45,3
452,447,447.569,7.4594833333,20220506 14:12:51,51.75,5,0.41,2.05,5,0.68,3.4,4
453,448,448.569,7.47615,20220506 14:12:52,52.25,5,0.51,2.55,5,0.65,3.25,5
454,449,449.572,7.4928666667,20220506 14:12:53,52.75,5,0.49,2.45,5,0.53,2.65,6
455,450,450.573,7.50955,20220506 14:12:54,52.75,5,0.41,2.05,5,0.78,3.9,7
456,451,451.574,7.5262333333,20220506 14:12:56,53.0,5,0.41,2.05,5,0.66,3.3,8
457,452,452.715,7.54525,20220506 14:12:56,53.0,5,0.41,2.05,5,0.66,3.3,9
458,453,453.574,7.5595666667,20220506 14:12:57,52.75,5,0.41,2.05,5,0.47,2.35,10
459,454,454.574,7.5762333333,20220506 14:12:58,53.0,5,0.41,2.05,5,0.49,2.45,11
460,455,455.574,7.5929,20220506 14:12:59,53.0,5,0.41,2.05,5,0.49,2.45,12
461,456,456.57,7.6095,20220506 14:13:00,52.75,5,0.41,2.05,5,0.45,2.25,13
462,457,457.571,7.6261833333,20220506 14:13:01,53.0,5,0.41,2.05,5,0.41,2.05,14
463,458,458.57,7.6428333333,20220506 14:13:02,52.75,5,0.43,2.15,5,0.49,2.45,15
464,459,459.574,7.6595666667,20220506 14:13:03,53.0,5,0.49,2.45,5,0.45,2.25,16
465,460,460.572,7.6762,20220506 14:13:04,53.0,5,0.41,2.05,5,0.77,3.85,17
466,461,461.574,7.6929,20220506 14:13:05,52.5,5,0.41,2.05,5,0.49,2.45,18
467,462,462.569,7.7094833333,20220506 14:13:06,52.75,5,0.41,2.05,5,0.41,2.05,19
468,463,463.574,7.7262333333,20220506 14:13:07,52.75,5,0.41,2.05,5,0.73,3.65,20
469,464,464.572,7.7428666667,20220506 14:13:08,52.75,5,0.41,2.05,5,0.41,2.05,21
470,465,465.569,7.7594833333,20220506 14:13:09,53.25,5,0.41,2.05,5,0.41,2.05,22
471,466,466.57,7.7761666667,20220506 14:13:10,53.0,5,0.41,2.05,5,0.49,2.45,23
472,467,467.572,7.7928666667,20220506 14:13:11,52.75,5,0.41,2.05,5,0.41,2.05,24
473,468,468.569,7.8094833333,20220506 14:13:12,53.25,5,0.41,2.05,5,0.68,3.4,25
474,469,469.569,7.82615,20220506 14:13:13,53.0,5,0.5,2.5,5,0.68,3.4,26
475,470,470.573,7.8428833333,20220506 14:13:14,53.25,5,0.41,2.05,5,0.46,2.3,27
476,610,610.573,10.1762166667,20220506 14:15:34,50.0,5,0.41,2.05,5,0.55,2.75,0
477,611,611.571,10.19285,20220506 14:15:35,50.25,5,0.41,2.05,5,0.51,2.55,1
478,612,612.572,10.2095333333,20220506 14:15:36,50.75,5,0.56,2.8,5,0.7,3.5,2
479,613,613.574,10.2262333333,20220506 14:15:37,51.25,5,0.57,2.85,5,0.67,3.35,3
480,614,614.571,10.24285,20220506 14:15:38,51.75,5,0.41,2.05,5,0.81,4.05,4
481,615,615.57,10.2595,20220506 14:15:39,52.25,5,0.49,2.45,5,0.56,2.8,5
482,616,616.573,10.2762166667,20220506 14:15:40,52.75,5,0.49,2.45,5,0.74,3.7,6
483,617,617.573,10.2928833333,20220506 14:15:41,52.75,5,0.49,2.45,5,0.69,3.45,7
484,618,618.571,10.3095166667,20220506 14:15:42,53.25,5,0.41,2.05,5,0.49,2.45,8
485,619,619.57,10.3261666667,20220506 14:15:44,53.75,5,0.41,2.05,5,0.43,2.15,9
486,620,620.904,10.3484,20220506 14:15:44,53.0,5,0.41,2.05,5,0.49,2.45,10
487,621,621.572,10.3595333333,20220506 14:15:45,53.0,5,0.41,2.05,5,0.49,2.45,11
488,622,622.572,10.3762,20220506 14:15:46,53.25,5,0.41,2.05,5,0.46,2.3,12
489,623,623.572,10.3928666667,20220506 14:15:47,52.75,5,0.41,2.05,5,0.49,2.45,13
490,624,624.573,10.40955,20220506 14:15:48,53.25,5,0.41,2.05,5,0.41,2.05,14
491,625,625.574,10.4262333333,20220506 14:15:49,53.0,5,0.49,2.45,5,0.66,3.3,15
492,626,626.57,10.4428333333,20220506 14:15:50,52.5,5,0.41,2.05,5,0.49,2.45,16
493,627,627.569,10.4594833333,20220506 14:15:51,53.0,5,0.41,2.05,5,0.41,2.85,17
494,628,628.571,10.4761833333,20220506 14:15:52,53.25,5,0.41,2.05,5,0.77,3.85,18
495,629,629.572,10.4928666667,20220506 14:15:53,52.75,5,0.41,2.05,5,0.5,2.5,19
496,630,630.569,10.5094833333,20220506 14:15:54,53.0,5,0.41,2.05,5,0.7,3.5,20
497,631,631.57,10.5261666667,20220506 14:15:55,53.0,5,0.41,2.05,5,0.76,3.8,21
498,632,632.569,10.5428166667,20220506 14:15:56,53.0,5,0.4,2.0,5,0.41,2.05,22
499,633,633.571,10.5595166667,20220506 14:15:57,52.75,5,0.41,2.05,5,0.77,3.85,23
500,634,634.574,10.5762333333,20220506 14:15:58,53.0,5,0.41,2.05,5,0.45,2.25,24
501,635,635.575,10.5929166667,20220506 14:15:59,53.25,5,0.41,2.05,5,0.41,2.05,25
502,636,636.574,10.6095666667,20220506 14:16:00,52.75,5,0.46,2.3,5,0.69,3.45,26
503,637,637.574,10.6262333333,20220506 14:16:01,52.75,5,0.41,2.05,5,0.47,2.35,27
504,777,777.573,12.95955,20220506 14:18:21,49.75,5,0.41,2.05,5,0.43,2.15,0
505,778,778.574,12.9762333333,20220506 14:18:22,49.75,5,0.41,2.05,5,0.53,2.65,1
506,779,779.572,12.9928666667,20220506 14:18:23,50.0,5,0.49,2.45,5,0.58,2.9,2
507,780,780.57,13.0095,20220506 14:18:24,50.5,5,0.49,2.45,5,0.51,2.55,3
508,781,781.57,13.0261666667,20220506 14:18:25,50.75,5,0.49,2.45,5,0.75,3.75,4
509,782,782.569,13.0428166667,20220506 14:18:26,51.25,5,0.41,2.05,5,0.71,3.55,5
510,783,783.571,13.0595166667,20220506 14:18:27,51.75,5,0.49,2.45,5,0.57,2.85,6
511,784,784.57,13.0761666667,20220506 14:18:28,52.5,5,0.46,2.3,5,0.63,3.15,7
512,785,785.573,13.0928833333,20220506 14:18:29,52.75,5,0.49,2.45,5,0.77,3.85,8
513,786,786.571,13.1095166667,20220506 14:18:30,53.0,5,0.41,2.05,5,0.49,2.45,9
514,787,787.572,13.1262,20220506 14:18:31,53.0,5,0.41,2.05,5,0.66,3.3,10
515,788,788.574,13.1429,20220506 14:18:32,52.5,5,0.41,2.05,5,0.56,2.8,11
516,789,789.57,13.1595,20220506 14:18:33,52.75,5,0.41,2.05,5,0.41,2.05,12
517,790,790.572,13.1762,20220506 14:18:34,52.75,5,0.45,2.25,5,0.72,3.6,13
518,791,791.571,13.19285,20220506 14:18:35,52.5,5,0.49,2.45,5,0.43,2.15,14
519,792,792.569,13.2094833333,20220506 14:18:36,52.75,5,0.41,2.05,5,0.41,2.05,15
520,793,793.574,13.2262333333,20220506 14:18:37,52.5,5,0.41,2.05,5,0.49,2.45,16
521,794,794.571,13.24285,20220506 14:18:38,52.5,5,0.41,2.05,5,0.41,2.05,17
522,795,795.57,13.2595,20220506 14:18:39,52.5,5,0.41,2.05,5,0.75,3.75,18
523,796,796.57,13.2761666667,20220506 14:18:40,52.5,5,0.41,2.05,5,0.49,2.45,19
524,797,797.569,13.2928166667,20220506 14:18:41,52.75,5,0.41,2.05,5,0.62,3.1,20
525,798,798.57,13.3095,20220506 14:18:42,52.75,5,0.41,2.05,5,0.68,3.4,21
526,799,799.572,13.3262,20220506 14:18:43,52.75,5,0.41,2.05,5,0.49,2.45,22
527,800,800.569,13.3428166667,20220506 14:18:44,53.0,5,0.41,2.05,5,0.53,2.65,23
528,801,801.572,13.3595333333,20220506 14:18:45,52.75,5,0.41,2.05,5,0.69,3.45,24
529,802,802.569,13.37615,20220506 14:18:46,52.75,5,0.41,2.05,5,0.41,2.05,25
530,803,803.569,13.3928166667,20220506 14:18:47,53.0,5,0.41,2.05,5,0.48,2.4,26
531,804,804.574,13.4095666667,20220506 14:18:48,52.75,5,0.56,2.8,5,0.65,3.25,27
532,945,945.574,15.7595666667,20220506 14:21:09,50.0,5,0.41,2.05,5,0.45,2.25,0
533,946,946.574,15.7762333333,20220506 14:21:10,50.0,5,0.43,2.15,5,0.6,3.0,1
534,947,947.573,15.7928833333,20220506 14:21:11,50.0,5,0.49,2.45,5,0.53,2.65,2
535,948,948.574,15.8095666667,20220506 14:21:12,51.25,5,0.49,2.45,5,0.63,3.15,3
536,949,949.571,15.8261833333,20220506 14:21:13,51.5,5,0.41,2.05,5,0.79,3.95,4
537,950,950.569,15.8428166667,20220506 14:21:14,52.25,5,0.49,2.45,5,0.61,3.05,5
538,951,951.57,15.8595,20220506 14:21:15,52.75,5,0.49,2.45,5,0.75,3.75,6
539,952,952.574,15.8762333333,20220506 14:21:16,52.75,5,0.49,2.45,5,0.77,3.85,7
540,953,953.574,15.8929,20220506 14:21:17,53.25,5,0.41,2.05,5,0.49,2.45,8
541,954,954.572,15.9095333333,20220506 14:21:18,53.25,5,0.41,2.05,5,0.68,3.4,9
542,955,955.572,15.9262,20220506 14:21:19,53.0,5,0.41,2.05,5,0.5,2.5,10
543,956,956.57,15.9428333333,20220506 14:21:20,53.0,5,0.41,2.05,5,0.49,2.45,11
544,957,957.57,15.9595,20220506 14:21:21,53.25,5,0.41,2.05,5,0.81,4.05,12
545,958,958.573,15.9762166667,20220506 14:21:22,53.0,5,0.45,2.25,5,0.46,2.3,13
546,959,959.572,15.9928666667,20220506 14:21:23,53.25,5,0.41,2.05,5,0.41,2.05,14
547,960,960.569,16.0094833333,20220506 14:21:24,52.75,5,0.44,2.2,5,0.73,3.65,15
548,961,961.569,16.02615,20220506 14:21:25,53.0,5,0.41,2.05,5,0.47,2.35,16
549,962,962.574,16.0429,20220506 14:21:26,53.25,5,0.41,2.05,5,0.69,3.45,17
550,963,963.573,16.05955,20220506 14:21:27,53.0,5,0.41,2.05,5,0.5,2.5,18
551,964,964.573,16.0762166667,20220506 14:21:28,53.25,5,0.41,2.05,5,0.45,2.25,19
552,965,965.574,16.0929,20220506 14:21:29,53.25,5,0.41,2.05,5,0.66,3.3,20
553,966,966.569,16.1094833333,20220506 14:21:30,52.75,5,0.41,2.05,5,0.73,3.65,21
554,967,967.569,16.12615,20220506 14:21:31,53.0,5,0.41,2.05,5,0.41,2.05,22
555,968,968.57,16.1428333333,20220506 14:21:32,53.25,5,0.43,2.15,5,0.7,3.5,23
556,969,969.574,16.1595666667,20220506 14:21:33,53.0,5,0.41,2.05,5,0.46,2.3,24
557,970,970.57,16.1761666667,20220506 14:21:34,53.25,5,0.41,2.05,5,0.41,2.05,25
558,971,971.57,16.1928333333,20220506 14:21:35,53.0,5,0.43,2.15,5,0.7,3.5,26
559,972,972.573,16.20955,20220506 14:21:36,53.0,5,0.41,2.05,5,0.5,2.5,27
560,1113,1113.574,18.5595666667,20220506 14:23:57,50.25,5,0.41,2.05,5,0.75,3.75,0
561,1114,1114.57,18.5761666667,20220506 14:23:58,50.5,5,0.48,2.4,5,0.65,3.25,1
562,1115,1115.571,18.59285,20220506 14:23:59,51.25,5,0.49,2.45,5,0.57,2.85,2
563,1116,1116.57,18.6095,20220506 14:24:00,51.5,5,0.45,2.25,5,0.77,3.85,3
564,1117,1117.569,18.62615,20220506 14:24:01,52.0,5,0.41,2.05,5,0.68,3.4,4
565,1118,1118.574,18.6429,20220506 14:24:02,52.75,5,0.49,2.45,5,0.49,2.45,5
566,1119,1119.573,18.65955,20220506 14:24:03,53.25,5,0.57,2.85,5,0.77,3.85,6
567,1120,1120.574,18.6762333333,20220506 14:24:04,53.5,5,0.41,2.05,5,0.49,2.45,7
568,1121,1121.57,18.6928333333,20220506 14:24:05,53.75,5,0.41,2.05,5,0.41,2.05,8
569,1122,1122.572,18.7095333333,20220506 14:24:06,53.75,5,0.41,2.05,5,0.71,3.55,9
570,1123,1123.574,18.7262333333,20220506 14:24:07,53.25,5,0.41,2.05,5,0.5,2.5,10
571,1124,1124.572,18.7428666667,20220506 14:24:08,53.25,5,0.41,2.05,5,0.45,2.25,11
572,1125,1125.574,18.7595666667,20220506 14:24:09,53.0,5,0.41,2.05,5,0.69,3.45,12
573,1126,1126.574,18.7762333333,20220506 14:24:10,53.25,5,0.41,2.05,5,0.41,2.05,13
574,1127,1127.573,18.7928833333,20220506 14:24:11,53.25,5,0.41,2.05,5,0.41,2.05,14
575,1128,1128.569,18.8094833333,20220506 14:24:12,53.0,5,0.41,2.05,5,0.53,2.65,15
576,1129,1129.57,18.8261666667,20220506 14:24:13,53.25,5,0.41,2.05,5,0.41,2.05,16
577,1130,1130.569,18.8428166667,20220506 14:24:14,53.25,5,0.41,2.05,5,0.76,3.8,17
578,1131,1131.569,18.8594833333,20220506 14:24:15,53.0,5,0.41,2.05,5,0.49,2.45,18
579,1132,1132.574,18.8762333333,20220506 14:24:16,53.25,5,0.41,2.05,5,0.76,3.8,19
580,1133,1133.572,18.8928666667,20220506 14:24:17,53.0,5,0.41,2.05,5,0.79,3.95,20
581,1134,1134.574,18.9095666667,20220506 14:24:18,53.25,5,0.41,2.05,5,0.41,2.05,21
582,1135,1135.574,18.9262333333,20220506 14:24:19,53.0,5,0.46,2.3,5,0.77,3.85,22
583,1136,1136.572,18.9428666667,20220506 14:24:20,53.0,5,0.41,2.05,5,0.41,2.05,23
584,1137,1137.574,18.9595666667,20220506 14:24:21,53.5,5,0.41,2.05,5,0.41,2.05,24
585,1138,1138.57,18.9761666667,20220506 14:24:22,53.5,5,0.41,2.05,5,0.63,3.15,25
586,1139,1139.569,18.9928166667,20220506 14:24:23,53.0,5,0.41,2.05,5,0.67,3.35,26
587,1140,1140.57,19.0095,20220506 14:24:24,53.5,5,0.41,2.05,5,0.49,2.45,27
588,1281,1281.569,21.3594833333,20220506 14:26:45,50.5,5,0.54,2.7,5,0.59,2.95,0
589,1282,1282.569,21.37615,20220506 14:26:46,51.0,5,0.49,2.45,5,0.63,3.15,1
590,1283,1283.569,21.3928166667,20220506 14:26:47,51.5,5,0.49,2.45,5,0.72,3.6,2
591,1284,1284.57,21.4095,20220506 14:26:48,51.75,5,0.54,2.7,5,0.66,3.3,3
592,1285,1285.573,21.4262166667,20220506 14:26:49,52.25,5,0.49,2.45,5,0.68,3.4,4
593,1286,1286.57,21.4428333333,20220506 14:26:50,53.0,5,0.49,2.45,5,0.6,3.0,5
594,1287,1287.572,21.4595333333,20220506 14:26:51,53.0,5,0.45,2.25,5,0.49,2.45,6
595,1288,1288.574,21.4762333333,20220506 14:26:52,53.25,5,0.41,2.05,5,0.41,2.05,7
596,1289,1289.574,21.4929,20220506 14:26:53,53.0,5,0.41,2.05,5,0.7,3.5,8
597,1290,1290.572,21.5095333333,20220506 14:26:54,52.75,5,0.41,2.05,5,0.66,3.3,9
598,1291,1291.57,21.5261666667,20220506 14:26:55,53.0,5,0.41,2.05,5,0.46,2.3,10
599,1292,1292.569,21.5428166667,20220506 14:26:56,53.0,5,0.43,2.15,5,0.76,3.8,11
600,1293,1293.574,21.5595666667,20220506 14:26:57,53.0,5,0.41,2.05,5,0.41,2.05,12
601,1294,1294.571,21.5761833333,20220506 14:26:58,53.25,5,0.41,2.05,5,0.7,3.5,13
602,1295,1295.569,21.5928166667,20220506 14:26:59,53.25,5,0.41,2.05,5,0.54,2.7,14
603,1296,1296.569,21.6094833333,20220506 14:27:00,53.25,5,0.41,2.05,5,0.41,2.05,15
604,1297,1297.572,21.6262,20220506 14:27:01,53.0,5,0.43,2.15,5,0.74,3.7,16
605,1298,1298.569,21.6428166667,20220506 14:27:02,53.25,5,0.41,2.05,5,0.45,2.25,17
606,1299,1299.575,21.6595833333,20220506 14:27:03,53.25,5,0.41,2.05,5,0.55,2.75,18
607,1300,1300.574,21.6762333333,20220506 14:27:04,53.25,5,0.45,2.25,5,0.77,3.85,19
608,1301,1301.575,21.6929166667,20220506 14:27:05,53.5,5,0.41,2.05,5,0.49,2.45,20
609,1302,1302.57,21.7095,20220506 14:27:06,53.75,5,0.41,2.05,5,0.73,3.65,21
610,1303,1303.571,21.7261833333,20220506 14:27:07,53.5,5,0.41,2.05,5,0.72,3.6,22
611,1304,1304.572,21.7428666667,20220506 14:27:08,53.5,5,0.41,2.05,5,0.41,2.05,23
612,1305,1305.57,21.7595,20220506 14:27:09,53.75,5,0.46,2.3,5,0.68,3.4,24
613,1306,1306.575,21.77625,20220506 14:27:10,53.5,5,0.49,2.45,5,0.48,2.4,25
614,1307,1307.572,21.7928666667,20220506 14:27:11,53.25,5,0.41,2.05,5,0.41,2.05,26
615,1308,1308.572,21.8095333333,20220506 14:27:12,53.25,5,0.41,2.05,5,0.41,2.05,27
616,1446,1446.57,24.1095,20220506 14:29:30,50.25,5,0.41,2.05,5,0.44,2.2,0
617,1447,1447.569,24.12615,20220506 14:29:31,50.25,5,0.41,2.05,5,0.57,2.85,1
618,1448,1448.569,24.1428166667,20220506 14:29:32,50.25,5,0.52,2.6,5,0.71,3.55,2
619,1449,1449.57,24.1595,20220506 14:29:33,50.5,5,0.57,2.85,5,0.72,3.6,3
620,1450,1450.572,24.1762,20220506 14:29:34,51.5,5,0.49,2.45,5,0.79,3.95,4
621,1451,1451.574,24.1929,20220506 14:29:35,52.0,5,0.41,2.05,5,0.52,2.6,5
622,1452,1452.572,24.2095333333,20220506 14:29:36,52.5,5,0.49,2.45,5,0.57,2.85,6
623,1453,1453.57,24.2261666667,20220506 14:29:37,52.75,5,0.52,2.6,5,0.73,3.65,7
624,1454,1454.574,24.2429,20220506 14:29:38,53.25,5,0.41,2.05,5,0.49,2.45,8
625,1455,1455.574,24.2595666667,20220506 14:29:39,53.5,5,0.41,2.05,5,0.41,2.05,9
626,1456,1456.574,24.2762333333,20220506 14:29:40,53.5,5,0.41,2.05,5,0.77,3.85,10
627,1457,1457.573,24.2928833333,20220506 14:29:41,52.75,5,0.41,2.05,5,0.46,2.3,11
628,1458,1458.572,24.3095333333,20220506 14:29:42,53.0,5,0.41,2.05,5,0.49,2.45,12
629,1459,1459.57,24.3261666667,20220506 14:29:43,53.25,5,0.41,2.05,5,0.49,2.45,13
630,1460,1460.573,24.3428833333,20220506 14:29:44,53.0,5,0.41,2.05,5,0.49,2.45,14
631,1461,1461.569,24.3594833333,20220506 14:29:45,53.0,5,0.41,2.05,5,0.76,3.8,15
632,1462,1462.57,24.3761666667,20220506 14:29:46,52.75,5,0.41,2.05,5,0.49,2.45,16
633,1463,1463.569,24.3928166667,20220506 14:29:47,53.25,5,0.41,2.05,5,0.41,2.05,17
634,1464,1464.57,24.4095,20220506 14:29:48,53.0,5,0.41,2.05,5,0.72,3.6,18
635,1465,1465.57,24.4261666667,20220506 14:29:49,53.0,5,0.41,2.05,5,0.41,2.05,19
636,1466,1466.57,24.4428333333,20220506 14:29:50,53.25,5,0.42,2.1,5,0.59,2.95,20
637,1467,1467.574,24.4595666667,20220506 14:29:51,53.0,5,0.41,2.05,5,0.49,2.45,21
638,1468,1468.572,24.4762,20220506 14:29:52,53.0,5,0.41,2.05,5,0.41,2.05,22
639,1469,1469.573,24.4928833333,20220506 14:29:53,53.25,5,0.41,2.05,5,0.79,3.95,23
640,1470,1470.571,24.5095166667,20220506 14:29:54,52.75,5,0.41,2.05,5,0.49,2.45,24
641,1471,1471.574,24.5262333333,20220506 14:29:55,53.0,5,0.41,2.05,5,0.41,2.05,25
642,1472,1472.572,24.5428666667,20220506 14:29:56,53.25,5,0.41,2.05,5,0.69,3.45,26
643,1473,1473.57,24.5595,20220506 14:29:57,53.25,5,0.41,2.05,5,0.54,2.7,27
644,1614,1614.573,26.90955,20220506 14:32:18,50.25,5,0.41,2.05,5,0.79,3.95,0
645,1615,1615.575,26.92625,20220506 14:32:19,50.75,5,0.49,2.45,5,0.57,2.85,1
646,1616,1616.577,26.94295,20220506 14:32:20,51.25,5,0.49,2.45,5,0.49,2.45,2
647,1617,1617.578,26.9596333333,20220506 14:32:21,51.75,5,0.46,2.3,5,0.74,3.7,3
648,1618,1618.572,26.9762,20220506 14:32:22,52.25,5,0.41,2.05,5,0.61,3.05,4
649,1619,1619.574,26.9929,20220506 14:32:23,52.75,5,0.49,2.45,5,0.51,2.55,5
650,1620,1620.57,27.0095,20220506 14:32:24,53.25,5,0.56,2.8,5,0.73,3.65,6
651,1621,1621.575,27.02625,20220506 14:32:25,53.5,5,0.41,2.05,5,0.49,2.45,7
652,1622,1622.579,27.0429833333,20220506 14:32:26,53.5,5,0.41,2.05,5,0.41,2.05,8
653,1623,1623.572,27.0595333333,20220506 14:32:27,53.5,5,0.41,2.05,5,0.82,4.1,9
654,1624,1624.575,27.07625,20220506 14:32:28,53.5,5,0.41,2.05,5,0.41,2.05,10
655,1625,1625.573,27.0928833333,20220506 14:32:29,53.5,5,0.41,2.05,5,0.45,2.25,11
656,1626,1626.569,27.1094833333,20220506 14:32:30,53.25,5,0.49,2.45,5,0.67,2.45,12
657,1627,1627.57,27.1261666667,20220506 14:32:31,53.5,5,0.41,2.05,5,0.41,2.05,13
658,1628,1628.576,27.1429333333,20220506 14:32:32,53.5,5,0.41,2.05,5,0.42,2.1,14
659,1629,1629.576,27.1596,20220506 14:32:33,53.0,5,0.41,2.05,5,0.51,2.55,15
660,1630,1630.571,27.1761833333,20220506 14:32:34,53.5,5,0.41,2.05,5,0.41,2.05,16
661,1631,1631.57,27.1928333333,20220506 14:32:35,53.5,5,0.41,2.05,5,0.76,3.8,17
662,1632,1632.578,27.2096333333,20220506 14:32:36,53.0,5,0.41,2.05,5,0.49,2.45,18
663,1633,1633.577,27.2262833333,20220506 14:32:37,53.5,5,0.41,2.05,5,0.69,3.45,19
664,1634,1634.573,27.2428833333,20220506 14:32:38,53.25,5,0.41,2.05,5,0.69,3.45,20
665,1635,1635.573,27.25955,20220506 14:32:39,53.75,5,0.41,2.05,5,0.41,2.05,21
666,1636,1636.579,27.2763166667,20220506 14:32:40,53.75,5,0.46,2.3,5,0.71,3.55,22
667,1637,1637.571,27.29285,20220506 14:32:41,53.5,5,0.41,2.05,5,0.46,2.3,23
668,1638,1638.575,27.3095833333,20220506 14:32:42,54.25,5,0.41,2.05,5,0.41,2.05,24
669,1639,1639.574,27.3262333333,20220506 14:32:43,53.75,5,0.44,2.2,5,0.67,3.35,25
670,1640,1640.57,27.3428333333,20220506 14:32:44,53.75,5,0.41,2.05,5,0.47,2.35,26
671,1641,1641.571,27.3595166667,20220506 14:32:45,54.0,5,0.41,2.05,5,0.41,2.05,27
672,1780,1780.57,29.6761666667,20220506 14:35:04,50.25,5,0.41,2.05,5,0.46,2.3,0
673,1781,1781.571,29.69285,20220506 14:35:05,50.25,5,0.41,2.05,5,0.65,3.25,1
674,1782,1782.574,29.7095666667,20220506 14:35:06,50.25,5,0.5,2.5,5,0.69,3.45,2
675,1783,1783.579,29.7263166667,20220506 14:35:07,50.75,5,0.5,2.5,5,0.68,3.4,3
676,1784,1784.571,29.74285,20220506 14:35:08,51.25,5,0.49,2.45,5,0.86,4.3,4
677,1785,1785.578,29.7596333333,20220506 14:35:09,51.75,5,0.6,3.0,5,0.71,3.55,5
678,1786,1786.569,29.77615,20220506 14:35:10,52.5,5,0.47,2.35,5,0.69,3.45,6
679,1787,1787.573,29.7928833333,20220506 14:35:11,53.0,5,0.49,2.45,5,0.61,3.05,7
680,1788,1788.571,29.8095166667,20220506 14:35:12,53.25,5,0.44,2.2,5,0.49,2.45,8
681,1789,1789.572,29.8262,20220506 14:35:13,53.5,5,0.41,2.05,5,0.41,2.05,9
682,1790,1790.57,29.8428333333,20220506 14:35:14,53.25,5,0.41,2.05,5,0.69,3.45,10
683,1791,1791.574,29.8595666667,20220506 14:35:15,53.0,5,0.41,2.05,5,0.49,2.45,11
684,1792,1792.571,29.8761833333,20220506 14:35:16,53.5,5,0.41,2.05,5,0.41,2.05,12
685,1793,1793.578,29.8929666667,20220506 14:35:17,53.5,5,0.41,2.05,5,0.69,3.45,13
686,1794,1794.571,29.9095166667,20220506 14:35:18,53.25,5,0.44,2.2,5,0.41,2.05,14
687,1795,1795.571,29.9261833333,20220506 14:35:19,53.5,5,0.41,2.05,5,0.6,3.0,15
688,1796,1796.57,29.9428333333,20220506 14:35:20,53.0,5,0.41,2.05,5,0.48,2.4,16
689,1797,1797.578,29.9596333333,20220506 14:35:21,53.0,5,0.41,2.05,5,0.41,2.05,17
690,1798,1798.574,29.9762333333,20220506 14:35:22,53.25,5,0.41,2.05,5,0.68,3.4,18
691,1799,1799.572,29.9928666667,20220506 14:35:23,53.0,5,0.41,2.05,5,0.49,2.45,19
692,1800,1800.572,30.0095333333,20220506 14:35:24,53.25,5,0.41,2.05,5,0.49,2.45,20
693,1801,1801.575,30.02625,20220506 14:35:25,53.25,5,0.45,2.25,5,0.49,2.45,21
694,1802,1802.571,30.04285,20220506 14:35:26,53.5,5,0.41,2.05,5,0.41,2.05,22
695,1803,1803.569,30.0594833333,20220506 14:35:27,53.5,5,0.41,2.05,5,0.68,3.4,23
696,1804,1804.571,30.0761833333,20220506 14:35:28,53.25,5,0.41,2.05,5,0.49,2.45,24
697,1805,1805.579,30.0929833333,20220506 14:35:29,53.5,5,0.41,2.05,5,0.41,2.05,25
698,1806,1806.573,30.10955,20220506 14:35:30,53.5,5,0.49,2.45,5,0.82,4.1,26
699,1807,1807.575,30.12625,20220506 14:35:31,53.5,5,0.45,2.25,5,0.41,2.05,27
700,1947,1947.569,32.4594833333,20220506 14:37:51,50.25,5,0.41,2.05,5,0.43,2.15,0
701,1948,1948.573,32.4762166667,20220506 14:37:52,50.5,5,0.41,2.05,5,0.64,3.2,1
702,1949,1949.571,32.49285,20220506 14:37:53,50.25,5,0.49,2.45,5,0.63,3.15,2
703,1950,1950.574,32.5095666667,20220506 14:37:54,50.75,5,0.49,2.45,5,0.7,3.5,3
704,1951,1951.57,32.5261666667,20220506 14:37:55,51.5,5,0.46,2.3,5,0.65,3.9,4
705,1952,1952.574,32.5429,20220506 14:37:56,52.0,5,0.41,2.05,5,0.59,2.95,5
706,1953,1953.572,32.5595333333,20220506 14:37:57,52.75,5,0.56,2.8,5,0.7,3.5,6
707,1954,1954.574,32.5762333333,20220506 14:37:58,53.25,5,0.49,2.45,5,0.53,2.65,7
708,1955,1955.573,32.5928833333,20220506 14:37:59,53.25,5,0.41,2.05,5,0.7,3.5,8
709,1956,1956.57,32.6095,20220506 14:38:00,53.75,5,0.41,2.05,5,0.41,2.05,9
710,1957,1957.57,32.6261666667,20220506 14:38:01,53.75,5,0.41,2.05,5,0.46,2.3,10
711,1958,1958.574,32.6429,20220506 14:38:02,53.25,5,0.41,2.05,5,0.49,2.45,11
712,1959,1959.569,32.6594833333,20220506 14:38:03,53.25,5,0.41,2.05,5,0.49,2.45,12
713,1960,1960.569,32.67615,20220506 14:38:04,53.5,5,0.41,2.05,5,0.72,3.6,13
714,1961,1961.569,32.6928166667,20220506 14:38:05,53.0,5,0.41,2.05,5,0.49,2.45,14
715,1962,1962.573,32.70955,20220506 14:38:06,53.25,5,0.41,2.05,5,0.68,3.4,15
716,1963,1963.569,32.72615,20220506 14:38:07,53.25,5,0.41,2.05,5,0.61,3.05,16
717,1964,1964.57,32.7428333333,20220506 14:38:08,53.5,5,0.41,2.05,5,0.41,2.05,17
718,1965,1965.574,32.7595666667,20220506 14:38:09,53.25,5,0.41,2.05,5,0.76,3.8,18
719,1966,1966.569,32.77615,20220506 14:38:10,53.25,5,0.43,2.15,5,0.45,2.25,19
720,1967,1967.574,32.7929,20220506 14:38:11,53.5,5,0.41,2.05,5,0.41,2.05,20
721,1968,1968.571,32.8095166667,20220506 14:38:12,53.25,5,0.41,2.05,5,0.49,2.45,21
722,1969,1969.574,32.8262333333,20220506 14:38:13,53.0,5,0.41,2.05,5,0.41,2.05,22
723,1970,1970.571,32.84285,20220506 14:38:14,53.75,5,0.41,2.05,5,0.41,2.05,23
724,1971,1971.57,32.8595,20220506 14:38:15,53.5,5,0.46,2.3,5,0.66,3.3,24
725,1972,1972.571,32.8761833333,20220506 14:38:16,53.25,5,0.41,2.05,5,0.43,2.15,25
726,1973,1973.569,32.8928166667,20220506 14:38:17,53.75,5,0.41,2.05,5,0.7,3.5,26
727,1974,1974.569,32.9094833333,20220506 14:38:18,53.25,5,0.49,2.45,5,0.68,3.4,27
728,444,444.541,7.4090166667,20220506 14:58:19,49.75,5,0.41,2.05,5,0.55,2.75,0
729,445,445.543,7.4257166667,20220506 14:58:20,49.75,5,0.6,3.0,5,0.56,2.8,1
730,446,446.542,7.4423666667,20220506 14:58:21,50.25,5,0.41,2.05,5,0.5,2.5,2
731,447,447.543,7.45905,20220506 14:58:22,50.75,5,0.49,2.45,5,0.58,2.9,3
732,448,448.538,7.4756333333,20220506 14:58:23,50.75,5,0.45,2.25,5,0.75,3.75,4
733,449,449.542,7.4923666667,20220506 14:58:24,51.5,5,0.49,2.45,5,0.66,3.3,5
734,450,450.544,7.5090666667,20220506 14:58:25,52.0,5,0.49,2.45,5,0.67,3.35,6
735,451,451.543,7.5257166667,20220506 14:58:26,52.25,5,0.49,2.45,5,0.71,3.55,7
736,452,452.543,7.5423833333,20220506 14:58:27,52.5,5,0.41,2.05,5,0.48,2.4,8
737,453,453.54,7.559,20220506 14:58:28,52.75,5,0.41,2.05,5,0.41,2.05,9
738,454,454.543,7.5757166667,20220506 14:58:29,52.25,5,0.41,2.05,5,0.77,3.85,10
739,455,455.543,7.5923833333,20220506 14:58:30,52.5,5,0.41,2.05,5,0.47,2.35,11
740,456,456.538,7.6089666667,20220506 14:58:31,52.5,5,0.41,2.05,5,0.72,3.6,12
741,457,457.541,7.6256833333,20220506 14:58:34,52.5,5,0.41,2.05,5,0.49,2.05,13
742,458,458.782,7.6463666667,20220506 14:58:34,52.5,5,0.41,2.05,5,0.41,2.05,14
743,459,459.539,7.6589833333,20220506 14:58:34,52.5,5,0.41,2.05,5,0.76,3.8,15
744,460,460.539,7.67565,20220506 14:58:35,52.25,5,0.41,2.05,5,0.49,2.45,16
745,461,461.543,7.6923833333,20220506 14:58:36,52.5,5,0.41,2.05,5,0.41,2.05,17
746,462,462.543,7.70905,20220506 14:58:37,52.75,5,0.41,2.05,5,0.79,3.95,18
747,463,463.543,7.7257166667,20220506 14:58:38,52.25,5,0.41,2.05,5,0.46,2.3,19
748,464,464.538,7.7423,20220506 14:58:39,52.75,5,0.41,2.05,5,0.41,2.05,20
749,465,465.543,7.75905,20220506 14:58:40,52.75,5,0.41,2.05,5,0.49,2.45,21
750,466,466.544,7.7757333333,20220506 14:58:41,52.75,5,0.41,2.05,5,0.41,2.05,22
751,467,467.543,7.7923833333,20220506 14:58:42,52.75,5,0.41,2.05,5,0.75,3.75,23
752,468,468.538,7.8089666667,20220506 14:58:43,52.5,5,0.41,2.05,5,0.5,2.5,24
753,469,469.543,7.8257166667,20220506 14:58:44,52.75,5,0.41,2.05,5,0.41,2.05,25
754,470,470.543,7.8423833333,20220506 14:58:45,52.75,5,0.5,2.5,5,0.72,3.6,26
755,471,471.543,7.85905,20220506 14:58:46,52.5,5,0.49,2.45,5,0.48,2.4,27
756,610,610.538,10.1756333333,20220506 15:01:07,49.75,5,0.41,2.05,5,0.46,2.3,0
757,611,611.946,10.1991,20220506 15:01:07,49.75,5,0.41,2.05,5,0.46,2.3,1
758,612,612.539,10.2089833333,20220506 15:01:07,49.75,5,0.41,2.05,5,0.64,3.2,2
759,613,613.543,10.2257166667,20220506 15:01:08,49.75,5,0.52,2.6,5,0.47,2.35,3
760,614,614.541,10.24235,20220506 15:01:09,50.0,5,0.59,2.95,5,0.67,3.35,4
761,615,615.543,10.25905,20220506 15:01:10,50.5,5,0.41,2.05,5,0.6,3.0,5
762,616,616.542,10.2757,20220506 15:01:11,50.75,5,0.41,2.05,5,0.49,2.45,6
763,617,617.538,10.2923,20220506 15:01:12,52.0,5,0.49,2.45,5,0.65,3.25,7
764,618,618.541,10.3090166667,20220506 15:01:13,52.25,5,0.46,2.3,5,0.66,3.3,8
765,619,619.538,10.3256333333,20220506 15:01:14,52.25,5,0.41,2.05,5,0.71,3.55,9
766,620,620.539,10.3423166667,20220506 15:01:15,52.75,5,0.41,2.05,5,0.41,2.05,10
767,621,621.538,10.3589666667,20220506 15:01:16,52.5,5,0.41,2.05,5,0.76,3.8,11
768,622,622.543,10.3757166667,20220506 15:01:17,52.0,5,0.41,2.05,5,0.45,2.25,12
769,623,623.543,10.3923833333,20220506 15:01:18,52.5,5,0.41,2.05,5,0.41,2.05,13
770,624,624.541,10.4090166667,20220506 15:01:19,52.25,5,0.45,2.25,5,0.56,2.8,14
771,625,625.539,10.42565,20220506 15:01:20,52.0,5,0.41,2.05,5,0.46,2.3,15
772,626,626.539,10.4423166667,20220506 15:01:21,52.5,5,0.41,2.05,5,0.77,3.85,16
773,627,627.539,10.4589833333,20220506 15:01:22,52.25,5,0.41,2.05,5,0.49,2.45,17
774,628,628.54,10.4756666667,20220506 15:01:23,52.25,5,0.41,2.05,5,0.41,2.05,18
775,629,629.54,10.4923333333,20220506 15:01:24,52.0,5,0.41,2.05,5,0.72,3.6,19
776,630,630.543,10.50905,20220506 15:01:25,52.25,5,0.41,2.05,5,0.49,2.45,20
777,631,631.538,10.5256333333,20220506 15:01:26,52.5,5,0.41,2.05,5,0.49,2.45,21
778,632,632.541,10.54235,20220506 15:01:27,52.25,5,0.41,2.05,5,0.74,3.7,22
779,633,633.538,10.5589666667,20220506 15:01:28,52.5,5,0.41,2.05,5,0.41,2.05,23
780,634,634.542,10.5757,20220506 15:01:29,52.75,5,0.41,2.05,5,0.41,2.05,24
781,635,635.54,10.5923333333,20220506 15:01:30,52.5,5,0.45,2.25,5,0.49,2.45,25
782,636,636.543,10.60905,20220506 15:01:31,52.5,5,0.41,2.05,5,0.41,2.05,26
783,637,637.543,10.6257166667,20220506 15:01:32,53.0,5,0.41,2.05,5,0.76,3.8,27
784,638,638.543,10.6423833333,20220506 15:01:33,52.75,5,0.46,2.3,5,0.6,3.0,28
785,779,779.538,12.9923,20220506 15:03:54,49.75,5,0.41,2.05,5,0.7,3.5,0
786,780,780.54,13.009,20220506 15:03:55,49.75,5,0.49,2.45,5,0.67,3.35,1
787,781,781.541,13.0256833333,20220506 15:03:56,50.25,5,0.49,2.45,5,0.49,2.45,2
788,782,782.538,13.0423,20220506 15:03:57,50.75,5,0.49,2.45,5,0.74,3.7,3
789,783,783.538,13.0589666667,20220506 15:03:58,51.25,5,0.45,2.25,5,0.76,3.8,4
790,784,784.538,13.0756333333,20220506 15:03:59,52.0,5,0.49,2.45,5,0.64,3.2,5
791,785,785.539,13.0923166667,20220506 15:04:00,52.25,5,0.46,2.3,5,0.61,3.05,6
792,786,786.542,13.1090333333,20220506 15:04:01,52.75,5,0.49,2.45,5,0.59,2.95,7
793,787,787.54,13.1256666667,20220506 15:04:02,52.75,5,0.41,2.05,5,0.41,2.05,8
794,788,788.538,13.1423,20220506 15:04:03,53.0,5,0.41,2.05,5,0.71,3.55,9
795,789,789.538,13.1589666667,20220506 15:04:04,52.75,5,0.41,2.05,5,0.51,2.55,10
796,790,790.538,13.1756333333,20220506 15:04:05,52.5,5,0.41,2.05,5,0.49,2.45,11
797,791,791.569,13.1928166667,20220506 15:04:06,52.5,5,0.41,2.05,5,0.74,3.7,12
798,792,792.543,13.20905,20220506 15:04:07,52.5,5,0.41,2.05,5,0.41,2.05,13
799,793,793.539,13.22565,20220506 15:04:08,52.5,5,0.41,2.05,5,0.41,2.05,14
800,794,794.539,13.2423166667,20220506 15:04:09,52.25,5,0.41,2.05,5,0.49,2.45,15
801,795,795.542,13.2590333333,20220506 15:04:10,52.75,5,0.41,2.05,5,0.41,2.05,16
802,796,796.54,13.2756666667,20220506 15:04:11,52.5,5,0.41,2.05,5,0.7,3.5,17
803,797,797.542,13.2923666667,20220506 15:04:12,52.25,5,0.41,2.05,5,0.49,2.45,18
804,798,798.542,13.3090333333,20220506 15:04:13,52.5,5,0.41,2.05,5,0.57,2.85,19
805,799,799.542,13.3257,20220506 15:04:14,52.5,5,0.42,2.1,5,0.71,3.55,20
806,800,800.541,13.34235,20220506 15:04:15,52.25,5,0.41,2.05,5,0.49,2.45,21
807,801,801.543,13.35905,20220506 15:04:16,52.75,5,0.41,2.05,5,0.67,3.35,22
808,802,802.538,13.3756333333,20220506 15:04:17,52.5,5,0.41,2.05,5,0.72,3.6,23
809,803,803.54,13.3923333333,20220506 15:04:18,52.75,5,0.41,2.05,5,0.41,2.05,24
810,804,804.539,13.4089833333,20220506 15:04:19,52.75,5,0.41,2.05,5,0.44,2.2,25
811,805,805.544,13.4257333333,20220506 15:04:20,52.25,5,0.54,2.7,5,0.7,3.5,26
812,806,806.543,13.4423833333,20220506 15:04:21,52.75,5,0.41,2.05,5,0.41,2.05,27
813,946,946.542,15.7757,20220506 15:06:41,49.75,5,0.41,2.05,5,0.43,2.15,0
814,947,947.543,15.7923833333,20220506 15:06:42,49.75,5,0.43,2.15,5,0.49,2.45,1
815,948,948.541,15.8090166667,20220506 15:06:43,50.25,5,0.49,2.45,5,0.41,2.05,2
816,949,949.54,15.8256666667,20220506 15:06:44,50.75,5,0.58,2.9,5,0.65,3.25,3
817,950,950.54,15.8423333333,20220506 15:06:45,50.75,5,0.41,2.05,5,0.73,3.65,4
818,951,951.543,15.85905,20220506 15:06:46,51.25,5,0.41,2.05,5,0.7,3.5,5
819,952,952.542,15.8757,20220506 15:06:47,51.5,5,0.45,2.25,5,0.68,3.4,6
820,953,953.541,15.89235,20220506 15:06:48,52.25,5,0.49,2.45,5,0.6,3.0,7
821,954,954.542,15.9090333333,20220506 15:06:49,52.5,5,0.41,2.05,5,0.72,3.6,8
822,955,955.539,15.92565,20220506 15:06:50,52.75,5,0.41,2.05,5,0.41,2.05,9
823,956,956.538,15.9423,20220506 15:06:51,52.75,5,0.41,2.05,5,0.41,2.05,10
824,957,957.541,15.9590166667,20220506 15:06:52,52.5,5,0.41,2.05,5,0.49,2.45,11
825,958,958.543,15.9757166667,20220506 15:06:53,52.75,5,0.41,2.05,5,0.41,2.05,12
826,959,959.539,15.9923166667,20220506 15:06:54,53.0,5,0.41,2.05,5,0.41,2.05,13
827,960,960.538,16.0089666667,20220506 15:06:55,52.5,5,0.41,2.05,5,0.49,2.45,14
828,961,961.538,16.0256333333,20220506 15:06:56,52.75,5,0.41,2.05,5,0.42,2.1,15
829,962,962.539,16.0423166667,20220506 15:06:57,52.75,5,0.41,2.05,5,0.68,3.4,16
830,963,963.538,16.0589666667,20220506 15:06:58,52.5,5,0.41,2.05,5,0.49,2.45,17
831,964,964.539,16.07565,20220506 15:06:59,52.75,5,0.41,2.05,5,0.44,2.2,18
832,965,965.542,16.0923666667,20220506 15:07:00,52.75,5,0.41,2.05,5,0.76,3.8,19
833,966,966.538,16.1089666667,20220506 15:07:01,52.75,5,0.45,2.25,5,0.41,2.05,20
834,967,967.539,16.12565,20220506 15:07:02,52.75,5,0.41,2.05,5,0.69,3.45,21
835,968,968.541,16.14235,20220506 15:07:03,52.5,5,0.41,2.05,5,0.49,2.45,22
836,969,969.54,16.159,20220506 15:07:04,52.75,5,0.41,2.05,5,0.41,2.05,23
837,970,970.542,16.1757,20220506 15:07:05,52.5,5,0.41,2.05,5,0.49,2.45,24
838,971,971.538,16.1923,20220506 15:07:06,52.75,5,0.41,2.05,5,0.46,2.3,25
839,972,972.542,16.2090333333,20220506 15:07:07,52.75,5,0.41,2.05,5,0.69,3.45,26
840,973,973.539,16.22565,20220506 15:07:08,52.75,5,0.59,2.95,5,0.59,2.95,27
841,974,974.538,16.2423,20220506 15:07:09,52.75,5,0.43,2.15,5,0.53,2.05,28
842,1115,1115.541,18.59235,20220506 15:09:30,49.75,5,0.41,2.05,5,0.78,3.9,0
843,1116,1116.539,18.6089833333,20220506 15:09:31,49.75,5,0.48,2.4,5,0.65,3.25,1
844,1117,1117.54,18.6256666667,20220506 15:09:32,50.0,5,0.49,2.45,5,0.68,3.4,2
845,1118,1118.538,18.6423,20220506 15:09:33,50.5,5,0.43,2.15,5,0.75,3.75,3
846,1119,1119.539,18.6589833333,20220506 15:09:34,51.5,5,0.41,2.05,5,0.63,3.15,4
847,1120,1120.542,18.6757,20220506 15:09:35,52.25,5,0.49,2.45,5,0.5,2.5,5
848,1121,1121.542,18.6923666667,20220506 15:09:36,52.25,5,0.54,2.7,5,0.76,3.8,6
849,1122,1122.542,18.7090333333,20220506 15:09:37,52.5,5,0.41,2.05,5,0.49,2.45,7
850,1123,1123.543,18.7257166667,20220506 15:09:38,53.0,5,0.41,2.05,5,0.41,2.05,8
851,1124,1124.538,18.7423,20220506 15:09:39,52.75,5,0.41,2.05,5,0.77,3.85,9
852,1125,1125.54,18.759,20220506 15:09:40,52.5,5,0.41,2.05,5,0.46,2.3,10
853,1126,1126.543,18.7757166667,20220506 15:09:41,52.75,5,0.41,2.05,5,0.41,2.05,11
854,1127,1127.543,18.7923833333,20220506 15:09:42,52.5,5,0.41,2.05,5,0.49,2.45,12
855,1128,1128.543,18.80905,20220506 15:09:43,52.5,5,0.41,2.05,5,0.41,2.05,13
856,1129,1129.542,18.8257,20220506 15:09:44,52.75,5,0.41,2.05,5,0.41,2.05,14
857,1130,1130.542,18.8423666667,20220506 15:09:45,52.25,5,0.41,2.05,5,0.49,2.45,15
858,1131,1131.542,18.8590333333,20220506 15:09:46,52.5,5,0.41,2.05,5,0.41,2.05,16
859,1132,1132.542,18.8757,20220506 15:09:47,52.5,5,0.41,2.05,5,0.78,3.9,17
860,1133,1133.54,18.8923333333,20220506 15:09:48,52.25,5,0.41,2.05,5,0.49,2.45,18
861,1134,1134.542,18.9090333333,20220506 15:09:49,52.25,5,0.41,2.05,5,0.49,2.45,19
862,1135,1135.542,18.9257,20220506 15:09:50,52.0,5,0.41,2.05,5,0.71,3.55,20
863,1136,1136.542,18.9423666667,20220506 15:09:51,52.25,5,0.41,2.05,5,0.49,2.45,21
864,1137,1137.547,18.9591166667,20220506 15:09:52,52.75,5,0.41,2.05,5,0.41,2.05,22
865,1138,1138.54,18.9756666667,20220506 15:09:53,52.5,5,0.41,2.05,5,0.49,2.45,23
866,1139,1139.541,18.99235,20220506 15:09:54,52.25,5,0.41,2.05,5,0.42,2.1,24
867,1140,1140.538,19.0089666667,20220506 15:09:55,52.75,5,0.41,2.05,5,0.77,3.85,25
868,1141,1141.542,19.0257,20220506 15:09:56,52.5,5,0.47,2.35,5,0.53,2.65,26
869,1142,1142.542,19.0423666667,20220506 15:09:57,53.0,5,0.41,2.05,5,0.41,2.05,27
870,1282,1282.54,21.3756666667,20220506 15:12:17,49.75,5,0.41,2.05,5,0.65,3.25,0
871,1283,1283.538,21.3923,20220506 15:12:18,49.75,5,0.41,2.05,5,0.43,2.15,1
872,1284,1284.539,21.4089833333,20220506 15:12:19,50.25,5,0.56,2.8,5,0.64,3.2,2
873,1285,1285.54,21.4256666667,20220506 15:12:20,50.75,5,0.54,2.7,5,0.67,3.35,3
874,1286,1286.54,21.4423333333,20220506 15:12:21,51.0,5,0.41,2.05,5,0.73,3.65,4
875,1287,1287.542,21.4590333333,20220506 15:12:22,51.75,5,0.49,2.45,5,0.63,3.15,5
876,1288,1288.54,21.4756666667,20220506 15:12:23,52.0,5,0.46,2.3,5,0.52,2.6,6
877,1289,1289.539,21.4923166667,20220506 15:12:24,52.25,5,0.49,2.45,5,0.63,3.15,7
878,1290,1290.539,21.5089833333,20220506 15:12:25,52.5,5,0.41,2.05,5,0.41,2.05,8
879,1291,1291.54,21.5256666667,20220506 15:12:26,52.75,5,0.41,2.05,5,0.71,3.55,9
880,1292,1292.542,21.5423666667,20220506 15:12:27,52.25,5,0.41,2.05,5,0.49,2.45,10
881,1293,1293.543,21.55905,20220506 15:12:28,52.25,5,0.41,2.05,5,0.49,2.45,11
882,1294,1294.539,21.57565,20220506 15:12:29,52.5,5,0.42,2.1,5,0.73,3.65,12
883,1295,1295.538,21.5923,20220506 15:12:30,52.5,5,0.41,2.05,5,0.41,2.05,13
884,1296,1296.539,21.6089833333,20220506 15:12:31,52.5,5,0.41,2.05,5,0.41,2.05,14
885,1297,1297.539,21.62565,20220506 15:12:32,52.25,5,0.43,2.15,5,0.49,2.45,15
886,1298,1298.54,21.6423333333,20220506 15:12:33,52.5,5,0.41,2.05,5,0.41,2.05,16
887,1299,1299.542,21.6590333333,20220506 15:12:34,52.75,5,0.41,2.05,5,0.7,3.5,17
888,1300,1300.539,21.67565,20220506 15:12:35,52.25,5,0.41,2.05,5,0.49,2.45,18
889,1301,1301.539,21.6923166667,20220506 15:12:36,52.75,5,0.41,2.05,5,0.41,2.05,19
890,1302,1302.543,21.70905,20220506 15:12:37,52.5,5,0.41,2.05,5,0.7,3.5,20
891,1303,1303.542,21.7257,20220506 15:12:38,52.25,5,0.41,2.05,5,0.49,2.45,21
892,1304,1304.539,21.7423166667,20220506 15:12:39,52.75,5,0.41,2.05,5,0.41,2.05,22
893,1305,1305.541,21.7590166667,20220506 15:12:40,52.5,5,0.41,2.05,5,0.73,3.65,23
894,1306,1306.541,21.7756833333,20220506 15:12:41,53.0,5,0.41,2.05,5,0.46,2.3,24
895,1307,1307.539,21.7923166667,20220506 15:12:42,53.0,5,0.41,2.05,5,0.41,2.05,25
896,1308,1308.538,21.8089666667,20220506 15:12:43,52.75,5,0.46,2.3,5,0.65,3.25,26
897,1309,1309.539,21.82565,20220506 15:12:44,52.75,5,0.41,2.05,5,0.5,2.5,27
898,1449,1449.539,24.1589833333,20220506 15:15:04,49.0,5,0.41,2.05,5,0.45,2.25,0
899,1450,1450.542,24.1757,20220506 15:15:05,49.0,5,0.41,2.05,5,0.46,2.3,1
900,1451,1451.54,24.1923333333,20220506 15:15:06,49.25,5,0.63,3.15,5,0.75,3.75,2
901,1452,1452.538,24.2089666667,20220506 15:15:07,49.75,5,0.57,2.85,5,0.66,3.3,3
902,1453,1453.539,24.22565,20220506 15:15:08,50.0,5,0.48,2.05,5,0.82,4.1,4
903,1454,1454.538,24.2423,20220506 15:15:09,50.5,5,0.62,3.1,5,0.69,3.45,5
904,1455,1455.538,24.2589666667,20220506 15:15:10,51.5,5,0.48,2.4,5,0.67,3.35,6
905,1456,1456.538,24.2756333333,20220506 15:15:11,51.75,5,0.49,2.45,5,0.6,3.0,7
906,1457,1457.541,24.29235,20220506 15:15:14,52.25,5,0.45,2.25,5,0.49,2.45,8
907,1458,1459.08,24.318,20220506 15:15:14,52.5,5,0.41,2.05,5,0.41,2.05,9
908,1459,1459.54,24.3256666667,20220506 15:15:14,52.0,5,0.41,2.05,5,0.65,3.25,10
909,1460,1460.538,24.3423,20220506 15:15:15,51.75,5,0.41,2.05,5,0.49,2.45,11
910,1461,1461.542,24.3590333333,20220506 15:15:16,52.25,5,0.41,2.05,5,0.58,2.9,12
911,1462,1462.545,24.37575,20220506 15:15:17,52.0,5,0.41,2.05,5,0.74,3.7,13
912,1463,1463.547,24.39245,20220506 15:15:18,52.25,5,0.46,2.3,5,0.45,2.25,14
913,1464,1464.541,24.4090166667,20220506 15:15:19,52.25,5,0.41,2.05,5,0.63,3.15,15
914,1465,1465.538,24.4256333333,20220506 15:15:20,52.25,5,0.41,2.05,5,0.49,2.45,16
915,1466,1466.54,24.4423333333,20220506 15:15:21,52.25,5,0.41,2.05,5,0.41,2.05,17
916,1467,1467.539,24.4589833333,20220506 15:15:22,52.25,5,0.41,2.05,5,0.51,2.55,18
917,1468,1468.543,24.4757166667,20220506 15:15:23,52.0,5,0.41,2.05,5,0.47,2.35,19
918,1469,1469.545,24.4924166667,20220506 15:15:24,52.25,5,0.41,2.05,5,0.76,3.8,20
919,1470,1470.543,24.50905,20220506 15:15:25,52.0,5,0.41,2.05,5,0.49,2.45,21
920,1471,1471.54,24.5256666667,20220506 15:15:26,52.5,5,0.41,2.05,5,0.41,2.05,22
921,1472,1472.543,24.5423833333,20220506 15:15:27,52.0,5,0.41,2.05,5,0.73,3.65,23
922,1473,1473.54,24.559,20220506 15:15:28,51.75,5,0.41,2.05,5,0.5,2.5,24
923,1474,1474.539,24.57565,20220506 15:15:29,52.0,5,0.41,2.05,5,0.41,2.05,25
924,1475,1475.546,24.5924333333,20220506 15:15:30,52.0,5,0.53,2.65,5,0.68,3.4,26
925,1476,1476.539,24.6089833333,20220506 15:15:31,51.75,5,0.49,2.45,5,0.47,2.35,27
926,1616,1616.539,26.9423166667,20220506 15:17:51,49.25,5,0.4,2.0,5,0.43,2.15,0
927,1617,1617.543,26.95905,20220506 15:17:52,49.5,5,0.4,2.0,5,0.63,3.15,1
928,1618,1618.543,26.9757166667,20220506 15:17:53,49.5,5,0.49,2.45,5,0.57,2.85,2
929,1619,1619.543,26.9923833333,20220506 15:17:54,49.75,5,0.48,2.4,5,0.69,3.45,3
930,1620,1620.541,27.0090166667,20220506 15:17:55,50.25,5,0.49,2.45,5,0.78,3.9,4
931,1621,1621.54,27.0256666667,20220506 15:17:56,51.0,5,0.49,2.45,5,0.49,2.45,5
932,1622,1622.538,27.0423,20220506 15:17:57,51.75,5,0.55,2.75,5,0.67,3.35,6
933,1623,1623.538,27.0589666667,20220506 15:17:58,52.0,5,0.49,2.45,5,0.67,3.35,7
934,1624,1624.542,27.0757,20220506 15:17:59,52.25,5,0.41,2.05,5,0.49,2.45,8
935,1625,1625.543,27.0923833333,20220506 15:18:00,52.5,5,0.41,2.05,5,0.41,2.05,9
936,1626,1626.541,27.1090166667,20220506 15:18:01,52.5,5,0.41,2.05,5,0.67,3.35,10
937,1627,1627.54,27.1256666667,20220506 15:18:02,52.0,5,0.41,2.05,5,0.46,2.3,11
938,1628,1628.539,27.1423166667,20220506 15:18:03,52.0,5,0.41,2.05,5,0.49,2.45,12
939,1629,1629.539,27.1589833333,20220506 15:18:04,52.0,5,0.45,2.25,5,0.49,2.45,13
940,1630,1630.538,27.1756333333,20220506 15:18:05,51.75,5,0.41,2.05,5,0.45,2.25,14
941,1631,1631.539,27.1923166667,20220506 15:18:06,52.0,5,0.41,2.05,5,0.79,3.95,15
942,1632,1632.539,27.2089833333,20220506 15:18:07,51.75,5,0.41,2.05,5,0.49,2.45,16
943,1633,1633.543,27.2257166667,20220506 15:18:08,52.0,5,0.41,2.05,5,0.44,2.2,17
944,1634,1634.542,27.2423666667,20220506 15:18:09,51.75,5,0.41,2.05,5,0.78,3.9,18
945,1635,1635.539,27.2589833333,20220506 15:18:10,51.75,5,0.49,2.45,5,0.41,2.05,19
946,1636,1636.542,27.2757,20220506 15:18:11,52.0,5,0.41,2.05,5,0.53,2.65,20
947,1637,1637.539,27.2923166667,20220506 15:18:14,51.75,5,0.4,2.0,5,0.41,2.05,21
948,1638,1638.91,27.3151666667,20220506 15:18:14,52.25,5,0.4,2.0,5,0.41,2.05,22
949,1639,1639.538,27.3256333333,20220506 15:18:14,52.25,5,0.41,2.05,5,0.76,3.8,23
950,1640,1640.542,27.3423666667,20220506 15:18:15,52.0,5,0.41,2.05,5,0.7,3.5,24
951,1641,1641.543,27.35905,20220506 15:18:16,52.5,5,0.41,2.05,5,0.41,2.05,25
952,1642,1642.543,27.3757166667,20220506 15:18:17,52.5,5,0.41,2.05,5,0.69,3.45,26
953,1643,1643.539,27.3923166667,20220506 15:18:18,52.0,5,0.49,2.45,5,0.69,3.45,27
954,1784,1784.541,29.74235,20220506 15:20:39,49.25,5,0.41,2.05,5,0.45,2.25,0
955,1785,1785.539,29.7589833333,20220506 15:20:40,49.25,5,0.52,2.6,5,0.76,3.8,1
956,1786,1786.541,29.7756833333,20220506 15:20:41,49.75,5,0.49,2.45,5,0.57,2.85,2
957,1787,1787.543,29.7923833333,20220506 15:20:42,49.75,5,0.49,2.45,5,0.51,2.55,3
958,1788,1788.54,29.809,20220506 15:20:43,50.25,5,0.41,2.05,5,0.77,3.85,4
959,1789,1789.538,29.8256333333,20220506 15:20:44,50.75,5,0.42,2.1,5,0.75,3.75,5
960,1790,1790.54,29.8423333333,20220506 15:20:45,51.5,5,0.49,2.45,5,0.5,2.5,6
961,1791,1791.541,29.8590166667,20220506 15:20:46,52.0,5,0.55,2.75,5,0.73,3.65,7
962,1792,1792.538,29.8756333333,20220506 15:20:47,52.25,5,0.46,2.3,5,0.49,2.45,8
963,1793,1793.538,29.8923,20220506 15:20:48,52.25,5,0.41,2.05,5,0.49,2.45,9
964,1794,1794.538,29.9089666667,20220506 15:20:49,52.5,5,0.41,2.05,5,0.69,3.45,10
965,1795,1795.541,29.9256833333,20220506 15:20:50,52.0,5,0.41,2.05,5,0.61,3.05,11
966,1796,1796.539,29.9423166667,20220506 15:20:51,52.5,5,0.41,2.05,5,0.41,2.05,12
967,1797,1797.541,29.9590166667,20220506 15:20:52,52.0,5,0.41,2.05,5,0.8,4.0,13
968,1798,1798.539,29.97565,20220506 15:20:53,52.25,5,0.41,2.05,5,0.41,2.05,14
969,1799,1799.538,29.9923,20220506 15:20:54,52.5,5,0.41,2.05,5,0.41,2.05,15
970,1800,1800.539,30.0089833333,20220506 15:20:55,52.25,5,0.41,2.05,5,0.59,2.95,16
971,1801,1801.543,30.0257166667,20220506 15:20:56,51.75,5,0.41,2.05,5,0.46,2.3,17
972,1802,1802.54,30.0423333333,20220506 15:20:57,52.25,5,0.41,2.05,5,0.41,2.05,18
973,1803,1803.538,30.0589666667,20220506 15:20:58,52.0,5,0.41,2.05,5,0.49,2.45,19
974,1804,1804.538,30.0756333333,20220506 15:20:59,52.0,5,0.41,2.05,5,0.53,2.65,20
975,1805,1805.538,30.0923,20220506 15:21:01,52.25,5,0.41,2.05,5,0.73,2.45,21
976,1806,1806.61,30.1101666667,20220506 15:21:01,52.25,5,0.41,2.05,5,0.49,2.45,22
977,1807,1807.539,30.12565,20220506 15:21:02,52.5,5,0.41,2.05,5,0.41,2.05,23
978,1808,1808.542,30.1423666667,20220506 15:21:03,52.25,5,0.41,2.05,5,0.81,4.05,24
979,1809,1809.541,30.1590166667,20220506 15:21:04,52.25,5,0.41,2.05,5,0.41,2.05,25
980,1810,1810.538,30.1756333333,20220506 15:21:05,52.5,5,0.41,2.05,5,0.41,2.05,26
981,1811,1811.54,30.1923333333,20220506 15:21:06,52.0,5,0.51,2.55,5,0.55,2.75,27
982,1812,1812.541,30.2090166667,20220506 15:21:07,52.25,5,0.41,2.05,5,0.46,2.3,28
