"index";"seconds";"minutes";"dateTime";"cli_temp";"ser_vol";"ser_cur";"ser_pow";"cli_vol";"cli_cur";"cli_pow"
0;0,38;0,0063333333;20220506 12:51:42;49,75;5;0,41;2,05;5;0,41;2,05
1;1,38;0,023;20220506 12:51:43;49,5;5;0,41;2,05;5;0,41;2,05
2;2,383;0,0397166667;20220506 12:51:44;49,5;5;0,4;2;5;0,41;2,05
3;3,38;0,0563333333;20220506 12:51:45;49,5;5;0,41;2,05;5;0,49;2,45
4;4,381;0,0730166667;20220506 12:51:46;49,75;5;0,4;2;5;0,41;2,05
5;5,383;0,0897166667;20220506 12:51:47;50;5;0,4;2;5;0,41;2,05
6;6,381;0,10635;20220506 12:51:48;50;5;0,41;2,05;5;0,41;2,05
7;7,38;0,123;20220506 12:51:49;49,75;5;0,4;2;5;0,41;2,05
8;8,381;0,1396833333;20220506 12:51:50;49,75;5;0,41;2,05;5;0,41;2,05
9;9,384;0,1564;20220506 12:51:51;49,75;5;0,4;2;5;0,41;2,05
10;10,383;0,17305;20220506 12:51:52;49,75;5;0,4;2;5;0,41;2,05
11;11,38;0,1896666667;20220506 12:51:53;49,75;5;0,4;2;5;0,41;2,05
12;12,381;0,20635;20220506 12:51:54;49,75;5;0,41;2,05;5;0,41;2,05
13;13,381;0,2230166667;20220506 12:51:55;49,75;5;0,4;2;5;0,41;2,05
14;14,381;0,2396833333;20220506 12:51:56;49,5;5;0,41;2,05;5;0,41;2,05
15;15,381;0,25635;20220506 12:51:57;49,5;5;0,41;2,05;5;0,41;2,05
16;16,381;0,2730166667;20220506 12:51:58;49,5;5;0,4;2;5;0,41;2,05
17;17,381;0,2896833333;20220506 12:51:59;49,5;5;0,41;2,05;5;0,41;2,05
18;18,383;0,3063833333;20220506 12:52:00;49,5;5;0,4;2;5;0,41;2,05
19;19,381;0,3230166667;20220506 12:52:01;49,5;5;0,41;2,05;5;0,41;2,05
20;20,381;0,3396833333;20220506 12:52:02;49,5;5;0,4;2;5;0,41;2,05
21;21,38;0,3563333333;20220506 12:52:03;49,5;5;0,4;2;5;0,41;2,05
22;22,381;0,3730166667;20220506 12:52:04;49,5;5;0,41;2,05;5;0,41;2,05
23;23,383;0,3897166667;20220506 12:52:05;49,25;5;0,41;2,05;5;0,41;2,05
24;24,382;0,4063666667;20220506 12:52:06;49,25;5;0,41;2,05;5;0,41;2,05
25;25,38;0,423;20220506 12:52:07;49,5;5;0,41;2,05;5;0,41;2,05
26;26,381;0,4396833333;20220506 12:52:08;49,5;5;0,41;2,05;5;0,41;2,05
27;27,384;0,4564;20220506 12:52:09;49,5;5;0,41;2,05;5;0,41;2,05
28;28,38;0,473;20220506 12:52:10;49,5;5;0,4;2;5;0,41;2,05
29;29,381;0,4896833333;20220506 12:52:11;49,5;5;0,4;2;5;0,41;2,05
30;30,38;0,5063333333;20220506 12:52:12;49,5;5;0,4;2;5;0,41;2,05
31;31,383;0,52305;20220506 12:52:13;49,5;5;0,41;2,05;5;0,41;2,05
32;32,38;0,5396666667;20220506 12:52:14;49,5;5;0,4;2;5;0,41;2,05
33;33,38;0,5563333333;20220506 12:52:15;49,75;5;0,41;2,05;5;0,41;2,05
34;34,38;0,573;20220506 12:52:16;49,5;5;0,41;2,05;5;0,41;2,05
35;35,38;0,5896666667;20220506 12:52:17;49,5;5;0,4;2;5;0,41;2,05
36;36,38;0,6063333333;20220506 12:52:18;49,5;5;0,41;2,05;5;0,41;2,05
37;37,38;0,623;20220506 12:52:19;49,5;5;0,4;2;5;0,41;2,05
38;38,385;0,63975;20220506 12:52:20;49,5;5;0,4;2;5;0,41;2,05
39;39,381;0,65635;20220506 12:52:21;49,5;5;0,41;2,05;5;0,41;2,05
40;40,38;0,673;20220506 12:52:22;49,25;5;0,41;2,05;5;0,41;2,05
41;41,381;0,6896833333;20220506 12:52:23;49,25;5;0,41;2,05;5;0,41;2,05
42;42,381;0,70635;20220506 12:52:24;49,25;5;0,41;2,05;5;0,41;2,05
43;43,38;0,723;20220506 12:52:25;49,5;5;0,41;2,05;5;0,41;2,05
44;44,385;0,73975;20220506 12:52:26;49,25;5;0,41;2,05;5;0,41;2,05
45;45,381;0,75635;20220506 12:52:27;49,5;5;0,4;2;5;0,41;2,05
46;46,381;0,7730166667;20220506 12:52:28;49,25;5;0,41;2,05;5;0,41;2,05
47;47,38;0,7896666667;20220506 12:52:29;49,25;5;0,4;2;5;0,41;2,05
48;48,38;0,8063333333;20220506 12:52:30;49,25;5;0,4;2;5;0,41;2,05
49;49,382;0,8230333333;20220506 12:52:31;49,25;5;0,4;2;5;0,41;2,05
50;50,381;0,8396833333;20220506 12:52:32;49,25;5;0,4;2;5;0,41;2,05
51;51,383;0,8563833333;20220506 12:52:33;49,25;5;0,4;2;5;0,41;2,05
52;52,382;0,8730333333;20220506 12:52:34;49,25;5;0,4;2;5;0,41;2,05
53;53,383;0,8897166667;20220506 12:52:35;49,25;5;0,41;2,05;5;0,41;2,05
54;54,384;0,9064;20220506 12:52:36;49,25;5;0,4;2;5;0,41;2,05
55;55,381;0,9230166667;20220506 12:52:37;49,25;5;0,4;2;5;0,41;2,05
56;56,381;0,9396833333;20220506 12:52:38;49,25;5;0,41;2,05;5;0,41;2,05
57;57,38;0,9563333333;20220506 12:52:39;49,25;5;0,41;2,05;5;0,41;2,05
58;58,381;0,9730166667;20220506 12:52:40;49,25;5;0,41;2,05;5;0,41;2,05
59;59,381;0,9896833333;20220506 12:52:41;49,25;5;0,41;2,05;5;0,41;2,05
60;60,38;1,0063333333;20220506 12:52:42;49,25;5;0,41;2,05;5;0,41;2,05
61;61,381;1,0230166667;20220506 12:52:43;49,25;5;0,41;2,05;5;0,41;2,05
62;62,38;1,0396666667;20220506 12:52:44;49,25;5;0,41;2,05;5;0,41;2,05
63;63,381;1,05635;20220506 12:52:45;49,25;5;0,4;2;5;0,41;2,05
64;64,381;1,0730166667;20220506 12:52:46;49,5;5;0,4;2;5;0,41;2,05
65;65,381;1,0896833333;20220506 12:52:47;49,5;5;0,4;2;5;0,41;2,05
66;66,381;1,10635;20220506 12:52:48;49,5;5;0,4;2;5;0,41;2,05
67;67,38;1,123;20220506 12:52:49;49,25;5;0,4;2;5;0,4;2
68;68,38;1,1396666667;20220506 12:52:50;49,25;5;0,4;2;5;0,4;2
69;69,384;1,1564;20220506 12:52:51;49;5;0,4;2;5;0,41;2,05
70;70,38;1,173;20220506 12:52:52;49;5;0,4;2;5;0,41;2,05
71;71,382;1,1897;20220506 12:52:53;49;5;0,41;2,05;5;0,41;2,05
72;72,38;1,2063333333;20220506 12:52:54;49;5;0,4;2;5;0,41;2,05
73;73,38;1,223;20220506 12:52:55;49;5;0,41;2,05;5;0,41;2,05
74;74,38;1,2396666667;20220506 12:52:56;49;5;0,41;2,05;5;0,41;2,05
75;75,383;1,2563833333;20220506 12:52:57;49;5;0,4;2;5;0,41;2,05
76;76,385;1,2730833333;20220506 12:52:58;49;5;0,4;2;5;0,41;2,05
77;77,385;1,28975;20220506 12:52:59;49;5;0,41;2,05;5;0,4;2
78;78,38;1,3063333333;20220506 12:53:00;49;5;0,4;2;5;0,41;2,05
79;79,38;1,323;20220506 12:53:01;49,25;5;0,41;2,05;5;0,41;2,05
80;80,385;1,33975;20220506 12:53:02;49,25;5;0,41;2,05;5;0,41;2,05
81;81,381;1,35635;20220506 12:53:03;49;5;0,4;2;5;0,41;2,05
82;82,38;1,373;20220506 12:53:04;49,25;5;0,4;2;5;0,41;2,05
83;83,38;1,3896666667;20220506 12:53:05;49,25;5;0,4;2;5;0,41;2,05
84;84,38;1,4063333333;20220506 12:53:06;49,25;5;0,4;2;5;0,41;2,05
85;85,38;1,423;20220506 12:53:07;49,25;5;0,4;2;5;0,41;2,05
86;86,383;1,4397166667;20220506 12:53:08;49,25;5;0,4;2;5;0,41;2,05
87;87,38;1,4563333333;20220506 12:53:09;49,25;5;0,4;2;5;0,41;2,05
88;88,385;1,4730833333;20220506 12:53:10;49,25;5;0,4;2;5;0,41;2,05
89;89,385;1,48975;20220506 12:53:11;49,25;5;0,4;2;5;0,41;2,05
90;90,38;1,5063333333;20220506 12:53:12;49,25;5;0,4;2;5;0,41;2,05
91;91,38;1,523;20220506 12:53:13;49,25;5;0,4;2;5;0,41;2,05
92;92,381;1,5396833333;20220506 12:53:14;49,25;5;0,4;2;5;0,41;2,05
93;93,383;1,5563833333;20220506 12:53:15;49;5;0,41;2,05;5;0,41;2,05
94;94,383;1,57305;20220506 12:53:16;49;5;0,4;2;5;0,41;2,05
95;95,385;1,58975;20220506 12:53:17;49;5;0,4;2;5;0,41;2,05
96;96,38;1,6063333333;20220506 12:53:18;49;5;0,41;2,05;5;0,41;2,05
97;97,385;1,6230833333;20220506 12:53:19;49;5;0,41;2,05;5;0,41;2,05
98;98,38;1,6396666667;20220506 12:53:20;49;5;0,4;2;5;0,41;2,05
99;99,38;1,6563333333;20220506 12:53:21;49;5;0,4;2;5;0,41;2,05
100;100,383;1,67305;20220506 12:53:22;49;5;0,4;2;5;0,41;2,05
101;101,38;1,6896666667;20220506 12:53:23;49;5;0,41;2,05;5;0,41;2,05
102;102,386;1,7064333333;20220506 12:53:24;49;5;0,4;2;5;0,4;2
103;103,38;1,723;20220506 12:53:25;49;5;0,4;2;5;0,41;2,05
104;104,38;1,7396666667;20220506 12:53:26;49;5;0,4;2;5;0,41;2,05
105;105,382;1,7563666667;20220506 12:53:27;49;5;0,4;2;5;0,41;2,05
106;106,384;1,7730666667;20220506 12:53:28;49;5;0,4;2;5;0,41;2,05
107;107,383;1,7897166667;20220506 12:53:29;49;5;0,4;2;5;0,41;2,05
108;108,38;1,8063333333;20220506 12:53:30;49,25;5;0,4;2;5;0,41;2,05
109;109,385;1,8230833333;20220506 12:53:31;49,25;5;0,41;2,05;5;0,41;2,05
110;110,381;1,8396833333;20220506 12:53:32;49;5;0,4;2;5;0,41;2,05
111;111,385;1,8564166667;20220506 12:53:33;49;5;0,41;2,05;5;0,41;2,05
112;112,38;1,873;20220506 12:53:34;49;5;0,41;2,05;5;0,41;2,05
113;113,38;1,8896666667;20220506 12:53:35;49;5;0,41;2,05;5;0,41;2,05
114;114,383;1,9063833333;20220506 12:53:36;49;5;0,41;2,05;5;0,41;2,05
115;115,381;1,9230166667;20220506 12:53:37;49;5;0,4;2;5;0,41;2,05
116;116,385;1,93975;20220506 12:53:38;49;5;0,41;2,05;5;0,41;2,05
117;117,385;1,9564166667;20220506 12:53:39;49;5;0,4;2;5;0,41;2,05
118;118,38;1,973;20220506 12:53:40;49,25;5;0,4;2;5;0,41;2,05
119;119,386;1,9897666667;20220506 12:53:41;49,25;5;0,4;2;5;0,41;2,05
120;120,385;2,0064166667;20220506 12:53:42;49,25;5;0,4;2;5;0,41;2,05
121;121,385;2,0230833333;20220506 12:53:43;49,25;5;0,4;2;5;0,41;2,05
122;122,381;2,0396833333;20220506 12:53:44;49;5;0,4;2;5;0,41;2,05
123;123,38;2,0563333333;20220506 12:53:45;49;5;0,41;2,05;5;0,41;2,05
124;124,385;2,0730833333;20220506 12:53:46;49;5;0,4;2;5;0,41;2,05
125;125,384;2,0897333333;20220506 12:53:47;49;5;0,4;2;5;0,41;2,05
126;126,38;2,1063333333;20220506 12:53:48;49,25;5;0,4;2;5;0,41;2,05
127;127,38;2,123;20220506 12:53:49;49,25;5;0,4;2;5;0,41;2,05
128;128,383;2,1397166667;20220506 12:53:50;49,25;5;0,41;2,05;5;0,41;2,05
129;129,382;2,1563666667;20220506 12:53:51;49;5;0,4;2;5;0,41;2,05
130;130,385;2,1730833333;20220506 12:53:52;49;5;0,4;2;5;0,41;2,05
131;131,386;2,1897666667;20220506 12:53:53;49;5;0,4;2;5;0,41;2,05
132;132,385;2,2064166667;20220506 12:53:55;49;5;0,4;2;5;0,41;2,05
133;133,757;2,2292833333;20220506 12:53:55;49;5;0,4;2;5;0,41;2,05
134;134,381;2,2396833333;20220506 12:53:56;49;5;0,4;2;5;0,41;2,05
135;135,381;2,25635;20220506 12:53:57;49,25;5;0,4;2;5;0,41;2,05
136;136,38;2,273;20220506 12:53:58;49,25;5;0,4;2;5;0,41;2,05
137;137,385;2,28975;20220506 12:53:59;49;5;0,4;2;5;0,41;2,05
138;138,38;2,3063333333;20220506 12:54:00;49;5;0,4;2;5;0,41;2,05
139;139,38;2,323;20220506 12:54:01;49;5;0,4;2;5;0,41;2,05
140;140,382;2,3397;20220506 12:54:02;49;5;0,4;2;5;0,41;2,05
141;141,38;2,3563333333;20220506 12:54:03;49;5;0,4;2;5;0,41;2,05
142;142,383;2,37305;20220506 12:54:04;49,25;5;0,4;2;5;0,41;2,05
143;143,381;2,3896833333;20220506 12:54:05;49,25;5;0,4;2;5;0,45;2,25
144;144,38;2,4063333333;20220506 12:54:06;49,25;5;0,4;2;5;0,63;3,15
145;145,385;2,4230833333;20220506 12:54:07;49,25;5;0,51;2,55;5;0,46;2,3
146;146,385;2,43975;20220506 12:54:08;49,5;5;0,58;2,9;5;0,71;3,55
147;147,385;2,4564166667;20220506 12:54:09;50;5;0,49;2,45;5;0,63;3,15
148;148,381;2,4730166667;20220506 12:54:10;50,25;5;0,41;2,05;5;0,66;3,3
149;149,383;2,4897166667;20220506 12:54:11;51;5;0,47;2,35;5;0,7;3,5
150;150,381;2,50635;20220506 12:54:12;51,5;5;0,64;3,2;5;0,59;2,95
151;151,38;2,523;20220506 12:54:13;52;5;0,41;2,05;5;0,72;3,6
152;152,384;2,5397333333;20220506 12:54:14;52;5;0,41;2,05;5;0,41;2,05
153;153,381;2,55635;20220506 12:54:15;52,25;5;0,4;2;5;0,41;2,05
154;154,385;2,5730833333;20220506 12:54:16;52;5;0,41;2,05;5;0,49;2,45
155;155,385;2,58975;20220506 12:54:17;51,75;5;0,4;2;5;0,41;2,05
156;156,383;2,6063833333;20220506 12:54:18;52;5;0,41;2,05;5;0,79;3,95
157;157,381;2,6230166667;20220506 12:54:19;51,5;5;0,45;2,25;5;0,49;2,45
158;158,382;2,6397;20220506 12:54:20;52;5;0,4;2;5;0,45;2,25
159;159,386;2,6564333333;20220506 12:54:21;51,75;5;0,41;2,05;5;0,8;4
160;160,385;2,6730833333;20220506 12:54:23;51,75;5;0,4;2;5;0,77;3,85
161;161,878;2,6979666667;20220506 12:54:23;52;5;0,41;2,05;5;0,77;3,85
162;162,381;2,70635;20220506 12:54:24;52;5;0,4;2;5;0,77;3,85
163;163,383;2,72305;20220506 12:54:25;51,75;5;0,41;2,05;5;0,41;2,05
164;164,381;2,7396833333;20220506 12:54:26;52;5;0,43;2,15;5;0,69;3,45
165;165,381;2,75635;20220506 12:54:27;51,75;5;0,4;2;5;0,47;2,35
166;166,384;2,7730666667;20220506 12:54:28;52,25;5;0,41;2,05;5;0,41;2,05
167;167,384;2,7897333333;20220506 12:54:29;52;5;0,41;2,05;5;0,7;3,5
168;168,382;2,8063666667;20220506 12:54:30;52;5;0,4;2;5;0,49;2,45
169;169,385;2,8230833333;20220506 12:54:31;52,5;5;0,41;2,05;5;0,41;2,05
170;170,383;2,8397166667;20220506 12:54:32;52,25;5;0,49;2,45;5;0,76;3,8
171;171,381;2,85635;20220506 12:54:33;52;5;0,41;2,05;5;0,41;2,05
172;172,38;2,873;20220506 12:54:34;52,5;5;0,4;2;5;0,41;2,05
173;173,382;2,8897;20220506 12:54:35;52,5;5;0,4;2;5;0,41;2,05
174;174,382;2,9063666667;20220506 12:54:36;52;5;0,4;2;5;0,41;2,05
175;175,383;2,92305;20220506 12:54:37;51,75;5;0,4;2;5;0,41;2,05
176;176,385;2,93975;20220506 12:54:38;51,5;5;0,4;2;5;0,41;2,05
177;177,383;2,9563833333;20220506 12:54:39;51;5;0,4;2;5;0,41;2,05
178;178,383;2,97305;20220506 12:54:40;51;5;0,41;2,05;5;0,41;2,05
179;179,381;2,9896833333;20220506 12:54:41;51;5;0,41;2,05;5;0,41;2,05
180;180,386;3,0064333333;20220506 12:54:42;50,75;5;0,41;2,05;5;0,41;2,05
181;181,383;3,02305;20220506 12:54:43;50,75;5;0,41;2,05;5;0,41;2,05
182;182,385;3,03975;20220506 12:54:44;50,5;5;0,4;2;5;0,41;2,05
183;183,382;3,0563666667;20220506 12:54:45;50,5;5;0,41;2,05;5;0,41;2,05
184;184,383;3,07305;20220506 12:54:46;50,5;5;0,41;2,05;5;0,41;2,05
185;185,381;3,0896833333;20220506 12:54:47;50,25;5;0,41;2,05;5;0,41;2,05
186;186,38;3,1063333333;20220506 12:54:48;50,5;5;0,41;2,05;5;0,41;2,05
187;187,382;3,1230333333;20220506 12:54:49;50,25;5;0,41;2,05;5;0,41;2,05
188;188,383;3,1397166667;20220506 12:54:50;50,25;5;0,4;2;5;0,41;2,05
189;189,382;3,1563666667;20220506 12:54:51;50,25;5;0,4;2;5;0,41;2,05
190;190,385;3,1730833333;20220506 12:54:52;50,25;5;0,41;2,05;5;0,41;2,05
191;191,383;3,1897166667;20220506 12:54:53;50,25;5;0,41;2,05;5;0,41;2,05
192;192,381;3,20635;20220506 12:54:54;50,25;5;0,41;2,05;5;0,41;2,05
193;193,384;3,2230666667;20220506 12:54:55;50,25;5;0,4;2;5;0,41;2,05
194;194,382;3,2397;20220506 12:54:56;50,25;5;0,4;2;5;0,41;2,05
195;195,383;3,2563833333;20220506 12:54:57;50;5;0,41;2,05;5;0,41;2,05
196;196,383;3,27305;20220506 12:54:58;50;5;0,41;2,05;5;0,41;2,05
197;197,385;3,28975;20220506 12:54:59;50,25;5;0,4;2;5;0,41;2,05
198;198,383;3,3063833333;20220506 12:55:00;50;5;0,41;2,05;5;0,41;2,05
199;199,382;3,3230333333;20220506 12:55:01;50;5;0,4;2;5;0,41;2,05
200;200,38;3,3396666667;20220506 12:55:02;49,75;5;0,41;2,05;5;0,41;2,05
201;201,381;3,35635;20220506 12:55:03;50;5;0,41;2,05;5;0,49;2,45
202;202,38;3,373;20220506 12:55:04;50,25;5;0,4;2;5;0,41;2,05
203;203,384;3,3897333333;20220506 12:55:05;50,5;5;0,4;2;5;0,41;2,05
204;204,38;3,4063333333;20220506 12:55:06;50,25;5;0,41;2,05;5;0,41;2,05
205;205,383;3,42305;20220506 12:55:07;50;5;0,4;2;5;0,41;2,05
206;206,381;3,4396833333;20220506 12:55:08;50;5;0,49;2,45;5;0,41;2,05
207;207,38;3,4563333333;20220506 12:55:09;49,75;5;0,44;2,2;5;0,41;2,05
208;208,383;3,47305;20220506 12:55:10;49,75;5;0,4;2;5;0,41;2,05
209;209,385;3,48975;20220506 12:55:11;50;5;0,4;2;5;0,41;2,05
210;210,385;3,5064166667;20220506 12:55:13;50;5;0,4;2;5;0,41;2,05
211;211,758;3,5293;20220506 12:55:13;50;5;0,41;2,05;5;0,41;2,05
212;212,383;3,5397166667;20220506 12:55:14;50;5;0,41;2,05;5;0,41;2,05
213;213,384;3,5564;20220506 12:55:15;50;5;0,4;2;5;0,41;2,05
214;214,381;3,5730166667;20220506 12:55:16;49,75;5;0,41;2,05;5;0,41;2,05
215;215,38;3,5896666667;20220506 12:55:17;49,75;5;0,4;2;5;0,41;2,05
216;216,38;3,6063333333;20220506 12:55:18;49,75;5;0,41;2,05;5;0,41;2,05
217;217,38;3,623;20220506 12:55:19;49,75;5;0,4;2;5;0,41;2,05
218;218,384;3,6397333333;20220506 12:55:20;49,75;5;0,41;2,05;5;0,41;2,05
219;219,383;3,6563833333;20220506 12:55:21;49,75;5;0,41;2,05;5;0,41;2,05
220;220,381;3,6730166667;20220506 12:55:22;49,25;5;0,41;2,05;5;0,41;2,05
221;221,38;3,6896666667;20220506 12:55:23;49,5;5;0,41;2,05;5;0,41;2,05
222;222,382;3,7063666667;20220506 12:55:24;49,5;5;0,4;2;5;0,41;2,05
223;223,384;3,7230666667;20220506 12:55:25;49,5;5;0,41;2,05;5;0,41;2,05
224;224,385;3,73975;20220506 12:55:26;49,5;5;0,4;2;5;0,41;2,05
225;225,385;3,7564166667;20220506 12:55:27;49,5;5;0,4;2;5;0,41;2,05
226;226,383;3,77305;20220506 12:55:28;49,5;5;0,4;2;5;0,41;2,05
227;227,382;3,7897;20220506 12:55:29;49,5;5;0,4;2;5;0,41;2,05
228;228,385;3,8064166667;20220506 12:55:30;49,5;5;0,4;2;5;0,41;2,05
229;229,385;3,8230833333;20220506 12:55:31;49,5;5;0,4;2;5;0,41;2,05
230;230,38;3,8396666667;20220506 12:55:32;49,5;5;0,4;2;5;0,41;2,05
231;231,38;3,8563333333;20220506 12:55:33;49,5;5;0,4;2;5;0,41;2,05
232;232,381;3,8730166667;20220506 12:55:34;49,5;5;0,45;2,25;5;0,41;2,05
233;233,385;3,88975;20220506 12:55:35;49,5;5;0,41;2,05;5;0,41;2,05
234;234,38;3,9063333333;20220506 12:55:36;49,25;5;0,41;2,05;5;0,41;2,05
235;235,38;3,923;20220506 12:55:37;49,25;5;0,41;2,05;5;0,41;2,05
236;236,385;3,93975;20220506 12:55:38;49,5;5;0,4;2;5;0,41;2,05
237;237,381;3,95635;20220506 12:55:39;49,5;5;0,41;2,05;5;0,41;2,05
238;238,385;3,9730833333;20220506 12:55:40;49,5;5;0,41;2,05;5;0,41;2,05
239;239,385;3,98975;20220506 12:55:41;49,25;5;0,4;2;5;0,41;2,05
240;240,383;4,0063833333;20220506 12:55:42;49,25;5;0,4;2;5;0,41;2,05
241;241,381;4,0230166667;20220506 12:55:43;49,5;5;0,41;2,05;5;0,41;2,05
242;242,381;4,0396833333;20220506 12:55:44;49,5;5;0,4;2;5;0,41;2,05
243;243,385;4,0564166667;20220506 12:55:45;49,5;5;0,4;2;5;0,41;2,05
244;244,381;4,0730166667;20220506 12:55:46;49,5;5;0,4;2;5;0,41;2,05
245;245,38;4,0896666667;20220506 12:55:47;49,5;5;0,4;2;5;0,41;2,05
246;246,381;4,10635;20220506 12:55:48;49,5;5;0,4;2;5;0,41;2,05
247;247,384;4,1230666667;20220506 12:55:49;49,5;5;0,4;2;5;0,41;2,05
248;248,381;4,1396833333;20220506 12:55:50;49,25;5;0,41;2,05;5;0,41;2,05
249;249,384;4,1564;20220506 12:55:51;49,5;5;0,4;2;5;0,41;2,05
250;250,381;4,1730166667;20220506 12:55:52;49,5;5;0,4;2;5;0,41;2,05
251;251,386;4,1897666667;20220506 12:55:53;49,5;5;0,4;2;5;0,41;2,05
252;252,385;4,2064166667;20220506 12:55:54;49,5;5;0,41;2,05;5;0,41;2,05
253;253,383;4,22305;20220506 12:55:55;49,5;5;0,41;2,05;5;0,41;2,05
254;254,383;4,2397166667;20220506 12:55:56;49,5;5;0,4;2;5;0,41;2,05
255;255,38;4,2563333333;20220506 12:55:57;49,5;5;0,4;2;5;0,41;2,05
256;256,38;4,273;20220506 12:55:58;49,5;5;0,41;2,05;5;0,41;2,05
257;257,385;4,28975;20220506 12:55:59;49,75;5;0,41;2,05;5;0,41;2,05
258;258,385;4,3064166667;20220506 12:56:00;49,5;5;0,4;2;5;0,41;2,05
259;259,38;4,323;20220506 12:56:01;49,5;5;0,4;2;5;0,41;2,05
260;260,38;4,3396666667;20220506 12:56:02;49,5;5;0,41;2,05;5;0,41;2,05
261;261,383;4,3563833333;20220506 12:56:03;49,25;5;0,4;2;5;0,41;2,05
262;262,383;4,37305;20220506 12:56:04;49,25;5;0,4;2;5;0,41;2,05
263;263,38;4,3896666667;20220506 12:56:05;49,25;5;0,4;2;5;0,41;2,05
264;264,385;4,4064166667;20220506 12:56:06;49,25;5;0,4;2;5;0,41;2,05
265;265,386;4,4231;20220506 12:56:07;49;5;0,4;2;5;0,41;2,05
266;266,385;4,43975;20220506 12:56:08;49,25;5;0,41;2,05;5;0,41;2,05
267;267,383;4,4563833333;20220506 12:56:09;49;5;0,41;2,05;5;0,41;2,05
268;268,383;4,47305;20220506 12:56:10;49;5;0,4;2;5;0,41;2,05
269;269,381;4,4896833333;20220506 12:56:11;49;5;0,4;2;5;0,41;2,05
270;270,381;4,50635;20220506 12:56:12;49,25;5;0,41;2,05;5;0,41;2,05
271;271,385;4,5230833333;20220506 12:56:13;49;5;0,41;2,05;5;0,41;2,05
272;272,385;4,53975;20220506 12:56:14;49;5;0,4;2;5;0,41;2,05
273;273,381;4,55635;20220506 12:56:15;49;5;0,4;2;5;0,41;2,05
274;274,38;4,573;20220506 12:56:16;49;5;0,41;2,05;5;0,41;2,05
275;275,383;4,5897166667;20220506 12:56:17;49,25;5;0,4;2;5;0,41;2,05
276;276,381;4,60635;20220506 12:56:18;49;5;0,4;2;5;0,41;2,05
277;277,38;4,623;20220506 12:56:19;49;5;0,4;2;5;0,41;2,05
278;278,385;4,63975;20220506 12:56:20;49;5;0,41;2,05;5;0,4;2
279;279,385;4,6564166667;20220506 12:56:21;49,25;5;0,41;2,05;5;0,41;2,05
280;280,385;4,6730833333;20220506 12:56:22;49,25;5;0,4;2;5;0,41;2,05
281;281,385;4,68975;20220506 12:56:23;49;5;0,41;2,05;5;0,41;2,05
282;282,383;4,7063833333;20220506 12:56:24;49;5;0,41;2,05;5;0,4;2
283;283,381;4,7230166667;20220506 12:56:25;49;5;0,4;2;5;0,41;2,05
284;284,381;4,7396833333;20220506 12:56:26;49;5;0,4;2;5;0,41;2,05
285;285,381;4,75635;20220506 12:56:27;49;5;0,4;2;5;0,41;2,05
286;286,381;4,7730166667;20220506 12:56:28;49;5;0,4;2;5;0,41;2,05
287;287,381;4,7896833333;20220506 12:56:29;49;5;0,4;2;5;0,41;2,05
288;288,381;4,80635;20220506 12:56:30;49;5;0,4;2;5;0,41;2,05
289;289,383;4,82305;20220506 12:56:31;49;5;0,41;2,05;5;0,41;2,05
290;290,381;4,8396833333;20220506 12:56:32;49,25;5;0,4;2;5;0,41;2,05
291;291,38;4,8563333333;20220506 12:56:33;49,25;5;0,41;2,05;5;0,49;2,45
292;292,385;4,8730833333;20220506 12:56:34;49,5;5;0,4;2;5;0,41;2,05
293;293,38;4,8896666667;20220506 12:56:35;49,5;5;0,4;2;5;0,41;2,05
294;294,38;4,9063333333;20220506 12:56:36;49,5;5;0,4;2;5;0,41;2,05
295;295,385;4,9230833333;20220506 12:56:37;49,25;5;0,4;2;5;0,41;2,05
296;296,383;4,9397166667;20220506 12:56:38;49,25;5;0,4;2;5;0,41;2,05
297;297,381;4,95635;20220506 12:56:39;49;5;0,4;2;5;0,41;2,05
298;298,381;4,9730166667;20220506 12:56:40;49;5;0,4;2;5;0,41;2,05
299;299,385;4,98975;20220506 12:56:41;49;5;0,41;2,05;5;0,41;2,05
300;300,38;5,0063333333;20220506 12:56:42;49;5;0,4;2;5;0,41;2,05
301;301,386;5,0231;20220506 12:56:43;49,25;5;0,4;2;5;0,41;2,05
302;302,384;5,0397333333;20220506 12:56:44;49,25;5;0,4;2;5;0,41;2,05
303;303,384;5,0564;20220506 12:56:45;49,25;5;0,41;2,05;5;0,41;2,05
304;304,381;5,0730166667;20220506 12:56:46;49;5;0,4;2;5;0,41;2,05
305;305,385;5,08975;20220506 12:56:47;49,25;5;0,41;2,05;5;0,41;2,05
306;306,381;5,10635;20220506 12:56:48;49;5;0,41;2,05;5;0,41;2,05
307;307,38;5,123;20220506 12:56:49;49,25;5;0,41;2,05;5;0,41;2,05
308;308,386;5,1397666667;20220506 12:56:50;49,25;5;0,41;2,05;5;0,41;2,05
309;309,383;5,1563833333;20220506 12:56:51;49,25;5;0,41;2,05;5;0,41;2,05
310;310,383;5,17305;20220506 12:56:52;49,25;5;0,41;2,05;5;0,41;2,05
311;311,381;5,1896833333;20220506 12:56:53;49,25;5;0,4;2;5;0,41;2,05
312;312,38;5,2063333333;20220506 12:56:54;49,25;5;0,41;2,05;5;0,69;3,45
313;313,385;5,2230833333;20220506 12:56:55;49,25;5;0,49;2,45;5;0,53;2,65
314;314,385;5,23975;20220506 12:56:56;49,75;5;0,49;2,45;5;0,56;2,8
315;315,385;5,2564166667;20220506 12:56:57;50,25;5;0,47;2,35;5;0,79;3,95
316;316,383;5,27305;20220506 12:56:58;51;5;0,4;2;5;0,49;2,45
317;317,383;5,2897166667;20220506 12:56:59;51,5;5;0,49;2,45;5;0,63;3,15
318;318,381;5,30635;20220506 12:57:00;52,25;5;0,46;2,3;5;0,55;2,75
319;319,381;5,3230166667;20220506 12:57:01;52,25;5;0,41;2,05;5;0,66;3,3
320;320,381;5,3396833333;20220506 12:57:02;52,5;5;0,41;2,05;5;0,41;2,05
321;321,385;5,3564166667;20220506 12:57:03;52,25;5;0,41;2,05;5;0,77;3,85
322;322,385;5,3730833333;20220506 12:57:04;52;5;0,4;2;5;0,41;2,05
323;323,385;5,38975;20220506 12:57:05;52,5;5;0,41;2,05;5;0,49;2,45
324;324,383;5,4063833333;20220506 12:57:06;52,25;5;0,41;2,05;5;0,49;2,45
325;325,381;5,4230166667;20220506 12:57:07;52,5;5;0,41;2,05;5;0,41;2,05
326;326,381;5,4396833333;20220506 12:57:08;52,5;5;0,4;2;5;0,71;3,55
327;327,385;5,4564166667;20220506 12:57:09;52,25;5;0,4;2;5;0,49;2,45
328;328,385;5,4730833333;20220506 12:57:10;52,25;5;0,4;2;5;0,41;2,05
329;329,383;5,4897166667;20220506 12:57:11;52;5;0,4;2;5;0,74;3,7
330;330,384;5,5064;20220506 12:57:12;52,25;5;0,4;2;5;0,41;2,05
331;331,384;5,5230666667;20220506 12:57:13;52,25;5;0,42;2,1;5;0,62;3,1
332;332,38;5,5396666667;20220506 12:57:14;52;5;0,41;2,05;5;0,77;2,45
333;333,387;5,55645;20220506 12:57:15;52,5;5;0,4;2;5;0,41;2,05
334;334,384;5,5730666667;20220506 12:57:16;52,25;5;0,45;2,25;5;0,72;3,6
335;335,384;5,5897333333;20220506 12:57:17;52,25;5;0,41;2,05;5;0,46;2,3
336;336,381;5,60635;20220506 12:57:18;52,75;5;0,4;2;5;0,41;2,05
337;337,385;5,6230833333;20220506 12:57:19;52,5;5;0,53;2,65;5;0,58;2,9
338;338,387;5,6397833333;20220506 12:57:20;52,5;5;0,4;2;5;0,44;2,2
339;339,383;5,6563833333;20220506 12:57:21;52,75;5;0,41;2,05;5;0,41;2,05
340;340,381;5,6730166667;20220506 12:57:22;52,25;5;0,41;2,05;5;0,41;2,05
341;341,381;5,6896833333;20220506 12:57:24;52;5;0,4;2;5;0,41;2,05
342;342,73;5,7121666667;20220506 12:57:24;51,75;5;0,41;2,05;5;0,41;2,05
343;343,388;5,7231333333;20220506 12:57:25;51,5;5;0,41;2,05;5;0,41;2,05
344;344,385;5,73975;20220506 12:57:26;51,25;5;0,41;2,05;5;0,41;2,05
345;345,383;5,7563833333;20220506 12:57:27;51,25;5;0,41;2,05;5;0,41;2,05
346;346,381;5,7730166667;20220506 12:57:28;51;5;0,4;2;5;0,41;2,05
347;347,38;5,7896666667;20220506 12:57:29;51;5;0,41;2,05;5;0,41;2,05
348;348,38;5,8063333333;20220506 12:57:30;51;5;0,41;2,05;5;0,41;2,05
349;349,38;5,823;20220506 12:57:31;51;5;0,41;2,05;5;0,41;2,05
350;350,388;5,8398;20220506 12:57:32;50,75;5;0,4;2;5;0,41;2,05
351;351,386;5,8564333333;20220506 12:57:33;50,25;5;0,41;2,05;5;0,41;2,05
352;352,383;5,87305;20220506 12:57:34;50,25;5;0,41;2,05;5;0,41;2,05
353;353,381;5,8896833333;20220506 12:57:35;50,5;5;0,4;2;5;0,41;2,05
354;354,38;5,9063333333;20220506 12:57:36;50,25;5;0,41;2,05;5;0,41;2,05
355;355,388;5,9231333333;20220506 12:57:37;50,5;5;0,41;2,05;5;0,41;2,05
356;356,38;5,9396666667;20220506 12:57:38;50,25;5;0,41;2,05;5;0,41;2,05
357;357,381;5,95635;20220506 12:57:39;50,5;5;0,41;2,05;5;0,41;2,05
358;358,384;5,9730666667;20220506 12:57:40;50,5;5;0,41;2,05;5;0,41;2,05
359;359,383;5,9897166667;20220506 12:57:41;50,25;5;0,41;2,05;5;0,41;2,05
360;360,381;6,00635;20220506 12:57:42;50,25;5;0,41;2,05;5;0,41;2,05
361;361,381;6,0230166667;20220506 12:57:43;50,5;5;0,4;2;5;0,41;2,05
362;362,385;6,03975;20220506 12:57:44;50;5;0,4;2;5;0,41;2,05
363;363,385;6,0564166667;20220506 12:57:45;50,25;5;0,41;2,05;5;0,41;2,05
364;364,384;6,0730666667;20220506 12:57:46;50;5;0,4;2;5;0,41;2,05
365;365,386;6,0897666667;20220506 12:57:47;50,25;5;0,41;2,05;5;0,41;2,05
366;366,383;6,1063833333;20220506 12:57:48;50;5;0,4;2;5;0,41;2,05
367;367,381;6,1230166667;20220506 12:57:49;50,25;5;0,4;2;5;0,41;2,05
368;368,38;6,1396666667;20220506 12:57:50;50;5;0,4;2;5;0,41;2,05
369;369,382;6,1563666667;20220506 12:57:51;50;5;0,4;2;5;0,41;2,05
370;370,38;6,173;20220506 12:57:52;50;5;0,4;2;5;0,41;2,05
371;371,381;6,1896833333;20220506 12:57:53;50;5;0,4;2;5;0,41;2,05
372;372,386;6,2064333333;20220506 12:57:54;50;5;0,4;2;5;0,41;2,05
373;373,383;6,22305;20220506 12:57:55;50,25;5;0,41;2,05;5;0,41;2,05
374;374,381;6,2396833333;20220506 12:57:56;50,25;5;0,4;2;5;0,41;2,05
375;375,381;6,25635;20220506 12:57:57;50;5;0,41;2,05;5;0,41;2,05
376;376,384;6,2730666667;20220506 12:57:58;50;5;0,41;2,05;5;0,41;2,05
377;377,385;6,28975;20220506 12:57:59;50;5;0,41;2,05;5;0,41;2,05
378;378,387;6,30645;20220506 12:58:00;50;5;0,41;2,05;5;0,41;2,05
379;379,385;6,3230833333;20220506 12:58:01;50;5;0,41;2,05;5;0,41;2,05
380;380,383;6,3397166667;20220506 12:58:02;50;5;0,4;2;5;0,41;2,05
381;381,381;6,35635;20220506 12:58:03;50;5;0,41;2,05;5;0,41;2,05
382;382,388;6,3731333333;20220506 12:58:04;50;5;0,41;2,05;5;0,41;2,05
383;383,388;6,3898;20220506 12:58:05;50,25;5;0,41;2,05;5;0,41;2,05
384;384,384;6,4064;20220506 12:58:06;50;5;0,4;2;5;0,41;2,05
385;385,383;6,42305;20220506 12:58:07;50;5;0,41;2,05;5;0,41;2,05
386;386,386;6,4397666667;20220506 12:58:08;50;5;0,4;2;5;0,41;2,05
387;387,384;6,4564;20220506 12:58:09;49,75;5;0,4;2;5;0,41;2,05
388;388,381;6,4730166667;20220506 12:58:10;50;5;0,41;2,05;5;0,41;2,05
389;389,381;6,4896833333;20220506 12:58:11;50;5;0,4;2;5;0,41;2,05
390;390,383;6,5063833333;20220506 12:58:12;49,75;5;0,41;2,05;5;0,41;2,05
391;391,38;6,523;20220506 12:58:13;50;5;0,4;2;5;0,41;2,05
392;392,388;6,5398;20220506 12:58:14;50;5;0,41;2,05;5;0,41;2,05
393;393,386;6,5564333333;20220506 12:58:15;50;5;0,41;2,05;5;0,41;2,05
394;394,384;6,5730666667;20220506 12:58:16;50;5;0,4;2;5;0,41;2,05
395;395,381;6,5896833333;20220506 12:58:17;49,75;5;0,41;2,05;5;0,41;2,05
396;396,381;6,60635;20220506 12:58:18;49,75;5;0,4;2;5;0,41;2,05
397;397,39;6,6231666667;20220506 12:58:19;49,75;5;0,41;2,05;5;0,41;2,05
398;398,389;6,6398166667;20220506 12:58:20;49,75;5;0,41;2,05;5;0,41;2,05
399;399,388;6,6564666667;20220506 12:58:21;49,75;5;0,41;2,05;5;0,41;2,05
400;400,385;6,6730833333;20220506 12:58:22;50;5;0,4;2;5;0,41;2,05
401;401,382;6,6897;20220506 12:58:23;49,75;5;0,4;2;5;0,41;2,05
402;402,386;6,7064333333;20220506 12:58:24;50;5;0,41;2,05;5;0,41;2,05
403;403,38;6,723;20220506 12:58:25;49,75;5;0,4;2;5;0,41;2,05
404;404,384;6,7397333333;20220506 12:58:26;49,75;5;0,4;2;5;0,41;2,05
405;405,385;6,7564166667;20220506 12:58:27;49,5;5;0,4;2;5;0,41;2,05
406;406,388;6,7731333333;20220506 12:58:28;49,75;5;0,4;2;5;0,41;2,05
407;407,386;6,7897666667;20220506 12:58:29;49,75;5;0,41;2,05;5;0,41;2,05
408;408,383;6,8063833333;20220506 12:58:30;49,5;5;0,4;2;5;0,41;2,05
409;409,381;6,8230166667;20220506 12:58:31;49,5;5;0,41;2,05;5;0,41;2,05
410;410,381;6,8396833333;20220506 12:58:32;49,75;5;0,4;2;5;0,41;2,05
411;411,38;6,8563333333;20220506 12:58:33;49,75;5;0,41;2,05;5;0,41;2,05
412;412,381;6,8730166667;20220506 12:58:34;49,5;5;0,4;2;5;0,41;2,05
413;413,389;6,8898166667;20220506 12:58:35;49,75;5;0,41;2,05;5;0,41;2,05
414;414,386;6,9064333333;20220506 12:58:36;49,75;5;0,41;2,05;5;0,41;2,05
415;415,383;6,92305;20220506 12:58:37;49,75;5;0,41;2,05;5;0,41;2,05
416;416,381;6,9396833333;20220506 12:58:38;50;5;0,41;2,05;5;0,41;2,05
417;417,381;6,95635;20220506 12:58:39;49,75;5;0,41;2,05;5;0,41;2,05
418;418,388;6,9731333333;20220506 12:58:40;49,75;5;0,41;2,05;5;0,41;2,05
419;419,39;6,9898333333;20220506 12:58:41;49,5;5;0,41;2,05;5;0,41;2,05
420;420,382;7,0063666667;20220506 12:58:42;49,5;5;0,4;2;5;0,41;2,05
421;421,386;7,0231;20220506 12:58:43;49,5;5;0,4;2;5;0,41;2,05
422;422,388;7,0398;20220506 12:58:44;49,5;5;0,4;2;5;0,41;2,05
423;423,381;7,05635;20220506 12:58:45;49,5;5;0,41;2,05;5;0,41;2,05
424;424,381;7,0730166667;20220506 12:58:46;49,5;5;0,4;2;5;0,41;2,05
425;425,382;7,0897;20220506 12:58:47;49,5;5;0,4;2;5;0,41;2,05
426;426,39;7,1065;20220506 12:58:48;49,5;5;0,41;2,05;5;0,41;2,05
427;427,381;7,1230166667;20220506 12:58:49;49,75;5;0,4;2;5;0,41;2,05
428;428,386;7,1397666667;20220506 12:58:50;49,5;5;0,41;2,05;5;0,41;2,05
429;429,383;7,1563833333;20220506 12:58:51;49,5;5;0,4;2;5;0,41;2,05
430;430,381;7,1730166667;20220506 12:58:53;49,75;5;0,4;2;5;0,41;2,05
431;431,835;7,19725;20220506 12:58:53;49,25;5;0,41;2,05;5;0,41;2,05
432;432,39;7,2065;20220506 12:58:54;49,25;5;0,4;2;5;0,41;2,05
433;433,389;7,22315;20220506 12:58:55;49,5;5;0,41;2,05;5;0,41;2,05
434;434,388;7,2398;20220506 12:58:56;49,75;5;0,41;2,05;5;0,41;2,05
435;435,388;7,2564666667;20220506 12:58:57;49,5;5;0,4;2;5;0,41;2,05
436;436,384;7,2730666667;20220506 12:58:58;49,5;5;0,4;2;5;0,41;2,05
437;437,381;7,2896833333;20220506 12:58:59;49,5;5;0,4;2;5;0,41;2,05
438;438,389;7,3064833333;20220506 12:59:00;49,5;5;0,41;2,05;5;0,41;2,05
439;439,381;7,3230166667;20220506 12:59:01;49,25;5;0,4;2;5;0,41;2,05
440;440,38;7,3396666667;20220506 12:59:02;49,25;5;0,4;2;5;0,41;2,05
441;441,388;7,3564666667;20220506 12:59:03;49,5;5;0,4;2;5;0,41;2,05
442;442,381;7,3730166667;20220506 12:59:04;49,25;5;0,41;2,05;5;0,41;2,05
443;443,385;7,38975;20220506 12:59:05;49,25;5;0,4;2;5;0,41;2,05
444;444,381;7,40635;20220506 12:59:06;49,25;5;0,4;2;5;0,41;2,05
445;445,386;7,4231;20220506 12:59:07;49,25;5;0,41;2,05;5;0,41;2,05
446;446,381;7,4396833333;20220506 12:59:08;49,5;5;0,4;2;5;0,41;2,05
447;447,387;7,45645;20220506 12:59:09;49,25;5;0,4;2;5;0,41;2,05
448;448,38;7,473;20220506 12:59:10;49,5;5;0,4;2;5;0,41;2,05
449;449,383;7,4897166667;20220506 12:59:11;49,25;5;0,41;2,05;5;0,41;2,05
450;450,39;7,5065;20220506 12:59:12;49,25;5;0,41;2,05;5;0,41;2,05
451;451,381;7,5230166667;20220506 12:59:13;49,5;5;0,4;2;5;0,41;2,05
452;452,38;7,5396666667;20220506 12:59:14;49,5;5;0,41;2,05;5;0,41;2,05
453;453,391;7,5565166667;20220506 12:59:15;49,25;5;0,41;2,05;5;0,41;2,05
454;454,39;7,5731666667;20220506 12:59:16;49,25;5;0,4;2;5;0,41;2,05
455;455,382;7,5897;20220506 12:59:17;49,5;5;0,41;2,05;5;0,41;2,05
456;456,387;7,60645;20220506 12:59:18;49,5;5;0,4;2;5;0,41;2,05
457;457,383;7,62305;20220506 12:59:19;49,5;5;0,41;2,05;5;0,41;2,05
458;458,387;7,6397833333;20220506 12:59:20;49,75;5;0,4;2;5;0,49;2,45
459;459,381;7,65635;20220506 12:59:21;49,5;5;0,41;2,05;5;0,41;2,05
460;460,389;7,67315;20220506 12:59:22;49,75;5;0,41;2,05;5;0,41;2,05
461;461,39;7,6898333333;20220506 12:59:23;49,75;5;0,4;2;5;0,41;2,05
462;462,388;7,7064666667;20220506 12:59:24;49,75;5;0,41;2,05;5;0,41;2,05
463;463,386;7,7231;20220506 12:59:25;49,5;5;0,4;2;5;0,41;2,05
464;464,384;7,7397333333;20220506 12:59:26;49,75;5;0,4;2;5;0,41;2,05
465;465,384;7,7564;20220506 12:59:27;49,5;5;0,4;2;5;0,41;2,05
466;466,38;7,773;20220506 12:59:28;49,5;5;0,4;2;5;0,41;2,05
467;467,38;7,7896666667;20220506 12:59:29;49,25;5;0,4;2;5;0,41;2,05
468;468,384;7,8064;20220506 12:59:30;49,25;5;0,4;2;5;0,41;2,05
469;469,388;7,8231333333;20220506 12:59:31;49,25;5;0,41;2,05;5;0,41;2,05
470;470,386;7,8397666667;20220506 12:59:32;49,25;5;0,4;2;5;0,41;2,05
471;471,384;7,8564;20220506 12:59:33;49,25;5;0,4;2;5;0,41;2,05
472;472,381;7,8730166667;20220506 12:59:34;49,25;5;0,41;2,05;5;0,41;2,05
473;473,383;7,8897166667;20220506 12:59:35;49,25;5;0,4;2;5;0,41;2,05
474;474,389;7,9064833333;20220506 12:59:36;49,25;5;0,41;2,05;5;0,41;2,05
475;475,381;7,9230166667;20220506 12:59:37;49,25;5;0,4;2;5;0,41;2,05
476;476,38;7,9396666667;20220506 12:59:38;49,5;5;0,4;2;5;0,41;2,05
477;477,386;7,9564333333;20220506 12:59:39;49,5;5;0,4;2;5;0,41;2,05
478;478,383;7,97305;20220506 12:59:40;49,25;5;0,4;2;5;0,45;2,25
479;479,381;7,9896833333;20220506 12:59:41;49,5;5;0,4;2;5;0,49;2,45
480;480,383;8,0063833333;20220506 12:59:42;49,5;5;0,55;2,75;5;0,55;2,75
481;481,39;8,0231666667;20220506 12:59:43;50;5;0,49;2,45;5;0,69;3,45
482;482,385;8,03975;20220506 12:59:44;51;5;0,4;2;5;0,79;3,95
483;483,388;8,0564666667;20220506 12:59:45;51,5;5;0,49;2,45;5;0,69;3,45
484;484,387;8,0731166667;20220506 12:59:46;52;5;0,52;2,6;5;0,63;3,15
485;485,383;8,0897166667;20220506 12:59:47;52,25;5;0,49;2,45;5;0,77;3,85
486;486,381;8,10635;20220506 12:59:48;52,25;5;0,41;2,05;5;0,49;2,45
487;487,381;8,1230166667;20220506 12:59:49;52,75;5;0,41;2,05;5;0,41;2,85
488;488,381;8,1396833333;20220506 12:59:50;52,25;5;0,41;2,05;5;0,77;3,85
489;489,39;8,1565;20220506 12:59:51;52;5;0,41;2,05;5;0,49;2,45
490;490,381;8,1730166667;20220506 12:59:52;52,25;5;0,42;2,1;5;0,76;3,8
491;491,388;8,1898;20220506 12:59:53;52,25;5;0,4;2;5;0,49;2,45
492;492,383;8,2063833333;20220506 12:59:54;52;5;0,41;2,05;5;0,41;2,05
493;493,381;8,2230166667;20220506 12:59:55;52;5;0,41;2,05;5;0,76;3,8
494;494,38;8,2396666667;20220506 12:59:56;52,25;5;0,4;2;5;0,41;2,05
495;495,38;8,2563333333;20220506 12:59:57;52,25;5;0,41;2,05;5;0,41;2,05
496;496,387;8,2731166667;20220506 12:59:58;52;5;0,41;2,05;5;0,49;2,45
497;497,388;8,2898;20220506 12:59:59;52,25;5;0,41;2,05;5;0,45;2,25
498;498,383;8,3063833333;20220506 13:00:00;52,5;5;0,41;2,05;5;0,78;3,9
499;499,383;8,32305;20220506 13:00:01;52,25;5;0,49;2,45;5;0,49;2,45
500;500,383;8,3397166667;20220506 13:00:02;52,5;5;0,41;2,05;5;0,41;2,05
501;501,388;8,3564666667;20220506 13:00:03;52,5;5;0,45;2,25;5;0,76;3,8
502;502,38;8,373;20220506 13:00:04;52,25;5;0,4;2;5;0,42;2,1
503;503,385;8,38975;20220506 13:00:05;52,5;5;0,41;2,05;5;0,41;2,05
504;504,382;8,4063666667;20220506 13:00:06;52,5;5;0,5;2,5;5;0,64;3,2
505;505,386;8,4231;20220506 13:00:07;52,5;5;0,49;2,45;5;0,47;2,35
506;506,383;8,4397166667;20220506 13:00:08;52,75;5;0,42;2,1;5;0,41;2,05
507;507,381;8,45635;20220506 13:00:09;52,5;5;0,41;2,05;5;0,41;2,05
508;508,381;8,4730166667;20220506 13:00:10;52,25;5;0,41;2,05;5;0,41;2,05
509;509,39;8,4898333333;20220506 13:00:11;52;5;0,4;2;5;0,41;2,05
510;510,38;8,5063333333;20220506 13:00:12;51,5;5;0,41;2,05;5;0,41;2,05
511;511,38;8,523;20220506 13:00:13;51,5;5;0,4;2;5;0,41;2,05
512;512,386;8,5397666667;20220506 13:00:14;51,5;5;0,41;2,05;5;0,41;2,05
513;513,384;8,5564;20220506 13:00:15;51,5;5;0,4;2;5;0,41;2,05
514;514,381;8,5730166667;20220506 13:00:16;51,25;5;0,4;2;5;0,41;2,05
515;515,38;8,5896666667;20220506 13:00:17;51;5;0,4;2;5;0,41;2,05
516;516,385;8,6064166667;20220506 13:00:18;50,75;5;0,41;2,05;5;0,41;2,05
517;517,39;8,6231666667;20220506 13:00:19;50,75;5;0,4;2;5;0,41;2,05
518;518,384;8,6397333333;20220506 13:00:20;50,75;5;0,4;2;5;0,41;2,05
519;519,386;8,6564333333;20220506 13:00:21;50,75;5;0,41;2,05;5;0,41;2,05
520;520,384;8,6730666667;20220506 13:00:22;50,75;5;0,41;2,05;5;0,41;2,05
521;521,381;8,6896833333;20220506 13:00:23;50,5;5;0,41;2,05;5;0,41;2,05
522;522,39;8,7065;20220506 13:00:24;50,5;5;0,41;2,05;5;0,41;2,05
523;523,39;8,7231666667;20220506 13:00:25;50,5;5;0,41;2,05;5;0,41;2,05
524;524,385;8,73975;20220506 13:00:26;50,5;5;0,41;2,05;5;0,41;2,05
525;525,388;8,7564666667;20220506 13:00:27;50,25;5;0,41;2,05;5;0,41;2,05
526;526,386;8,7731;20220506 13:00:28;50;5;0,4;2;5;0,41;2,05
527;527,384;8,7897333333;20220506 13:00:29;50,25;5;0,41;2,05;5;0,41;2,05
528;528,381;8,80635;20220506 13:00:30;50,25;5;0,4;2;5;0,41;2,05
529;529,381;8,8230166667;20220506 13:00:31;50,25;5;0,4;2;5;0,41;2,05
530;530,384;8,8397333333;20220506 13:00:32;50,25;5;0,4;2;5;0,41;2,05
531;531,386;8,8564333333;20220506 13:00:33;50,25;5;0,4;2;5;0,41;2,05
532;532,388;8,8731333333;20220506 13:00:34;50,25;5;0,41;2,05;5;0,41;2,05
533;533,386;8,8897666667;20220506 13:00:35;50;5;0,4;2;5;0,41;2,05
534;534,384;8,9064;20220506 13:00:36;50;5;0,4;2;5;0,41;2,05
535;535,381;8,9230166667;20220506 13:00:37;50;5;0,4;2;5;0,41;2,05
536;536,38;8,9396666667;20220506 13:00:38;50;5;0,4;2;5;0,41;2,05
537;537,384;8,9564;20220506 13:00:39;50;5;0,41;2,05;5;0,41;2,05
538;538,384;8,9730666667;20220506 13:00:40;50;5;0,41;2,05;5;0,41;2,05
539;539,387;8,9897833333;20220506 13:00:41;50;5;0,41;2,05;5;0,41;2,05
540;540,38;9,0063333333;20220506 13:00:42;50;5;0,41;2,05;5;0,41;2,05
541;541,384;9,0230666667;20220506 13:00:43;50;5;0,41;2,05;5;0,41;2,05
542;542,381;9,0396833333;20220506 13:00:44;50;5;0,4;2;5;0,41;2,05
543;543,381;9,05635;20220506 13:00:45;50;5;0,41;2,05;5;0,41;2,05
544;544,38;9,073;20220506 13:00:46;50;5;0,41;2,05;5;0,41;2,05
545;545,386;9,0897666667;20220506 13:00:47;49,75;5;0,4;2;5;0,41;2,05
546;546,385;9,1064166667;20220506 13:00:48;49,75;5;0,41;2,05;5;0,41;2,05
547;547,386;9,1231;20220506 13:00:49;49,75;5;0,41;2,05;5;0,41;2,05
548;548,385;9,13975;20220506 13:00:50;49,75;5;0,41;2,05;5;0,41;2,05
549;549,381;9,15635;20220506 13:00:51;49,75;5;0,41;2,05;5;0,41;2,05
550;550,381;9,1730166667;20220506 13:00:52;49,75;5;0,4;2;5;0,41;2,05
551;551,39;9,1898333333;20220506 13:00:53;49,75;5;0,41;2,05;5;0,41;2,05
552;552,381;9,20635;20220506 13:00:54;49,75;5;0,41;2,05;5;0,41;2,05
553;553,388;9,2231333333;20220506 13:00:55;49,75;5;0,41;2,05;5;0,41;2,05
554;554,386;9,2397666667;20220506 13:00:56;49,75;5;0,41;2,05;5;0,41;2,05
555;555,384;9,2564;20220506 13:00:57;49,75;5;0,4;2;5;0,41;2,05
556;556,381;9,2730166667;20220506 13:00:58;49,75;5;0,41;2,05;5;0,41;2,05
557;557,381;9,2896833333;20220506 13:00:59;49,5;5;0,41;2,05;5;0,41;2,05
558;558,391;9,3065166667;20220506 13:01:00;49,75;5;0,4;2;5;0,41;2,05
559;559,384;9,3230666667;20220506 13:01:01;49,5;5;0,41;2,05;5;0,41;2,05
560;560,385;9,33975;20220506 13:01:02;49,5;5;0,41;2,05;5;0,41;2,05
561;561,386;9,3564333333;20220506 13:01:03;49,5;5;0,4;2;5;0,41;2,05
562;562,384;9,3730666667;20220506 13:01:04;49,75;5;0,4;2;5;0,41;2,05
563;563,381;9,3896833333;20220506 13:01:05;49,75;5;0,41;2,05;5;0,41;2,05
564;564,389;9,4064833333;20220506 13:01:06;49,75;5;0,41;2,05;5;0,41;2,05
565;565,384;9,4230666667;20220506 13:01:07;49,75;5;0,41;2,05;5;0,41;2,05
566;566,387;9,4397833333;20220506 13:01:08;49,75;5;0,4;2;5;0,41;2,05
567;567,388;9,4564666667;20220506 13:01:09;49,75;5;0,4;2;5;0,41;2,05
568;568,386;9,4731;20220506 13:01:10;49,75;5;0,4;2;5;0,41;2,05
569;569,384;9,4897333333;20220506 13:01:11;49,75;5;0,4;2;5;0,41;2,05
570;570,381;9,50635;20220506 13:01:12;49,75;5;0,41;2,05;5;0,41;2,05
571;571,38;9,523;20220506 13:01:13;49,75;5;0,4;2;5;0,41;2,05
572;572,38;9,5396666667;20220506 13:01:14;49,75;5;0,4;2;5;0,41;2,05
573;573,386;9,5564333333;20220506 13:01:15;49,5;5;0,41;2,05;5;0,41;2,05
574;574,388;9,5731333333;20220506 13:01:16;49,5;5;0,41;2,05;5;0,41;2,05
575;575,386;9,5897666667;20220506 13:01:17;49,75;5;0,41;2,05;5;0,41;2,05
576;576,383;9,6063833333;20220506 13:01:18;49,75;5;0,41;2,05;5;0,41;2,05
577;577,381;9,6230166667;20220506 13:01:19;49,75;5;0,41;2,05;5;0,41;2,05
578;578,387;9,6397833333;20220506 13:01:20;50;5;0,41;2,05;5;0,41;2,05
579;579,385;9,6564166667;20220506 13:01:21;49,75;5;0,41;2,05;5;0,41;2,05
580;580,381;9,6730166667;20220506 13:01:22;49,75;5;0,41;2,05;5;0,41;2,05
581;581,386;9,6897666667;20220506 13:01:23;49,75;5;0,4;2;5;0,41;2,05
582;582,386;9,7064333333;20220506 13:01:24;49,75;5;0,4;2;5;0,41;2,05
583;583,381;9,7230166667;20220506 13:01:25;50;5;0,4;2;5;0,41;2,05
584;584,381;9,7396833333;20220506 13:01:26;49,75;5;0,41;2,05;5;0,41;2,05
585;585,381;9,75635;20220506 13:01:27;49,75;5;0,4;2;5;0,41;2,05
586;586,39;9,7731666667;20220506 13:01:28;49,75;5;0,4;2;5;0,41;2,05
587;587,38;9,7896666667;20220506 13:01:29;49,5;5;0,41;2,05;5;0,41;2,05
588;588,38;9,8063333333;20220506 13:01:30;49,5;5;0,41;2,05;5;0,41;2,05
589;589,382;9,8230333333;20220506 13:01:31;49,5;5;0,41;2,05;5;0,41;2,05
590;590,384;9,8397333333;20220506 13:01:32;49,75;5;0,41;2,05;5;0,41;2,05
591;591,381;9,85635;20220506 13:01:33;49,75;5;0,41;2,05;5;0,41;2,05
592;592,383;9,87305;20220506 13:01:34;49,5;5;0,41;2,05;5;0,41;2,05
593;593,38;9,8896666667;20220506 13:01:35;49,75;5;0,4;2;5;0,41;2,05
594;594,383;9,9063833333;20220506 13:01:36;49,75;5;0,41;2,05;5;0,41;2,05
595;595,388;9,9231333333;20220506 13:01:37;49,75;5;0,41;2,05;5;0,41;2,05
596;596,386;9,9397666667;20220506 13:01:38;49,75;5;0,41;2,05;5;0,41;2,05
597;597,381;9,95635;20220506 13:01:39;49,75;5;0,41;2,05;5;0,41;2,05
598;598,381;9,9730166667;20220506 13:01:40;49,5;5;0,41;2,05;5;0,41;2,05
599;599,381;9,9896833333;20220506 13:01:41;49,75;5;0,41;2,05;5;0,41;2,05
600;600,39;10,0065;20220506 13:01:42;49,75;5;0,4;2;5;0,41;2,05
601;601,381;10,0230166667;20220506 13:01:43;49,5;5;0,41;2,05;5;0,41;2,05
602;602,384;10,0397333333;20220506 13:01:44;49,75;5;0,41;2,05;5;0,41;2,05
603;603,384;10,0564;20220506 13:01:45;49,75;5;0,41;2,05;5;0,41;2,05
604;604,384;10,0730666667;20220506 13:01:46;49,75;5;0,4;2;5;0,41;2,05
605;605,381;10,0896833333;20220506 13:01:47;49,75;5;0,41;2,05;5;0,41;2,05
606;606,38;10,1063333333;20220506 13:01:48;49,75;5;0,41;2,05;5;0,41;2,05
607;607,382;10,1230333333;20220506 13:01:49;49,75;5;0,4;2;5;0,41;2,05
608;608,39;10,1398333333;20220506 13:01:50;49,75;5;0,41;2,05;5;0,41;2,05
609;609,383;10,1563833333;20220506 13:01:51;49,75;5;0,41;2,05;5;0,41;2,05
610;610,388;10,1731333333;20220506 13:01:52;49,75;5;0,41;2,05;5;0,41;2,05
611;611,384;10,1897333333;20220506 13:01:53;49,5;5;0,41;2,05;5;0,41;2,05
612;612,381;10,20635;20220506 13:01:54;49,75;5;0,41;2,05;5;0,41;2,05
613;613,38;10,223;20220506 13:01:55;49,5;5;0,41;2,05;5;0,41;2,05
614;614,381;10,2396833333;20220506 13:01:56;49,5;5;0,41;2,05;5;0,41;2,05
615;615,39;10,2565;20220506 13:01:57;49,25;5;0,4;2;5;0,41;2,05
616;616,387;10,2731166667;20220506 13:01:58;49,25;5;0,41;2,05;5;0,41;2,05
617;617,383;10,2897166667;20220506 13:01:59;49,5;5;0,41;2,05;5;0,41;2,05
618;618,384;10,3064;20220506 13:02:00;49,5;5;0,41;2,05;5;0,41;2,05
619;619,382;10,3230333333;20220506 13:02:01;49,5;5;0,41;2,05;5;0,41;2,05
620;620,38;10,3396666667;20220506 13:02:02;49,5;5;0,41;2,05;5;0,41;2,05
621;621,383;10,3563833333;20220506 13:02:03;49,75;5;0,41;2,05;5;0,41;2,05
622;622,391;10,3731833333;20220506 13:02:04;49,5;5;0,4;2;5;0,41;2,05
623;623,388;10,3898;20220506 13:02:05;49,5;5;0,41;2,05;5;0,41;2,05
624;624,386;10,4064333333;20220506 13:02:06;49,5;5;0,4;2;5;0,41;2,05
625;625,384;10,4230666667;20220506 13:02:07;49,5;5;0,41;2,05;5;0,41;2,05
626;626,382;10,4397;20220506 13:02:08;49,5;5;0,41;2,05;5;0,41;2,05
627;627,38;10,4563333333;20220506 13:02:09;49,5;5;0,41;2,05;5;0,41;2,05
628;628,381;10,4730166667;20220506 13:02:10;49,75;5;0,4;2;5;0,41;2,05
629;629,38;10,4896666667;20220506 13:02:11;49,75;5;0,41;2,05;5;0,41;2,05
630;630,383;10,5063833333;20220506 13:02:12;49,75;5;0,41;2,05;5;0,41;2,05
631;631,385;10,5230833333;20220506 13:02:13;49,75;5;0,4;2;5;0,41;2,05
632;632,384;10,5397333333;20220506 13:02:14;49,75;5;0,41;2,05;5;0,41;2,05
633;633,389;10,5564833333;20220506 13:02:15;49,75;5;0,4;2;5;0,41;2,05
634;634,381;10,5730166667;20220506 13:02:16;49,75;5;0,4;2;5;0,41;2,05
635;635,389;10,5898166667;20220506 13:02:17;49,5;5;0,41;2,05;5;0,41;2,05
636;636,391;10,6065166667;20220506 13:02:18;49,5;5;0,4;2;5;0,41;2,05
637;637,389;10,62315;20220506 13:02:19;49,5;5;0,41;2,05;5;0,41;2,05
638;638,381;10,6396833333;20220506 13:02:20;49,5;5;0,4;2;5;0,41;2,05
639;639,38;10,6563333333;20220506 13:02:21;49,5;5;0,4;2;5;0,41;2,05
640;640,381;10,6730166667;20220506 13:02:22;49,5;5;0,4;2;5;0,41;2,05
641;641,381;10,6896833333;20220506 13:02:23;49,75;5;0,41;2,05;5;0,41;2,05
642;642,386;10,7064333333;20220506 13:02:24;49,5;5;0,41;2,05;5;0,41;2,05
643;643,386;10,7231;20220506 13:02:25;49,5;5;0,41;2,05;5;0,41;2,05
644;644,384;10,7397333333;20220506 13:02:26;49,5;5;0,41;2,05;5;0,41;2,05
645;645,39;10,7565;20220506 13:02:27;49,5;5;0,41;2,05;5;0,43;2,15
646;646,384;10,7730666667;20220506 13:02:28;49,5;5;0,41;2,05;5;0,63;3,15
647;647,381;10,7896833333;20220506 13:02:29;49,75;5;0,6;3;5;0,64;3,2
648;648,381;10,80635;20220506 13:02:30;50;5;0,55;2,75;5;0,63;3,15
649;649,386;10,8231;20220506 13:02:31;50,75;5;0,49;2,45;5;0,81;4,05
650;650,381;10,8396833333;20220506 13:02:32;51,25;5;0,51;2,55;5;0,63;3,15
651;651,384;10,8564;20220506 13:02:33;52;5;0,49;2,45;5;0,49;2,45
652;652,38;10,873;20220506 13:02:34;52;5;0,58;2,9;5;0,7;3,5
653;653,384;10,8897333333;20220506 13:02:35;52,25;5;0,47;2,35;5;0,49;2,45
654;654,381;10,90635;20220506 13:02:36;52,5;5;0,4;2;5;0,49;2,45
655;655,38;10,923;20220506 13:02:37;52,75;5;0,41;2,05;5;0,77;3,85
656;656,386;10,9397666667;20220506 13:02:38;52,5;5;0,41;2,05;5;0,51;2,55
657;657,386;10,9564333333;20220506 13:02:39;52,5;5;0,41;2,05;5;0,41;2,05
658;658,382;10,9730333333;20220506 13:02:40;52,25;5;0,41;2,05;5;0,77;3,85
659;659,39;10,9898333333;20220506 13:02:41;52;5;0,45;2,25;5;0,49;2,45
660;660,384;11,0064;20220506 13:02:42;52,5;5;0,41;2,05;5;0,41;2,05
661;661,381;11,0230166667;20220506 13:02:43;52;5;0,42;2,1;5;0,77;3,85
662;662,381;11,0396833333;20220506 13:02:44;52;5;0,41;2,05;5;0,42;2,1
663;663,387;11,05645;20220506 13:02:45;52,25;5;0,41;2,05;5;0,41;2,05
664;664,381;11,0730166667;20220506 13:02:46;52,25;5;0,41;2,05;5;0,49;2,45
665;665,382;11,0897;20220506 13:02:47;52,25;5;0,41;2,05;5;0,41;2,05
666;666,389;11,1064833333;20220506 13:02:48;52,5;5;0,4;2;5;0,76;3,8
667;667,383;11,12305;20220506 13:02:49;52;5;0,41;2,05;5;0,78;3,9
668;668,381;11,1396833333;20220506 13:02:50;52,75;5;0,4;2;5;0,41;2,05
669;669,38;11,1563333333;20220506 13:02:51;52,5;5;0,42;2,1;5;0,67;3,35
670;670,38;11,173;20220506 13:02:52;52;5;0,4;2;5;0,48;2,4
671;671,389;11,1898166667;20220506 13:02:53;52,75;5;0,41;2,05;5;0,41;2,05
672;672,381;11,20635;20220506 13:02:54;52,75;5;0,44;2,2;5;0,59;2,95
673;673,387;11,2231166667;20220506 13:02:55;52,25;5;0,45;2,25;5;0,49;2,45
674;674,384;11,2397333333;20220506 13:02:56;52,5;5;0,41;2,05;5;0,49;2,45
675;675,381;11,25635;20220506 13:02:57;52,25;5;0,41;2,05;5;0,48;2,4
676;676,381;11,2730166667;20220506 13:02:58;52,25;5;0,41;2,05;5;0,48;2,4
677;677,386;11,2897666667;20220506 13:02:59;52;5;0,41;2,05;5;0,49;2,45
678;678,385;11,3064166667;20220506 13:03:00;51,75;5;0,41;2,05;5;0,46;2,3
679;679,38;11,323;20220506 13:03:01;51,75;5;0,41;2,05;5;0,46;2,3
680;680,386;11,3397666667;20220506 13:03:02;51,75;5;0,41;2,05;5;0,58;2,9
681;681,383;11,3563833333;20220506 13:03:03;51,75;5;0,41;2,05;5;0,49;2,45
682;682,381;11,3730166667;20220506 13:03:04;51,75;5;0,41;2,05;5;0,46;2,3
683;683,387;11,3897833333;20220506 13:03:05;51,5;5;0,41;2,05;5;0,49;2,45
684;684,383;11,4063833333;20220506 13:03:06;51,5;5;0,41;2,05;5;0,46;2,3
685;685,383;11,42305;20220506 13:03:07;51,25;5;0,41;2,05;5;0,46;2,3
686;686,384;11,4397333333;20220506 13:03:08;51,25;5;0,41;2,05;5;0,49;2,45
687;687,389;11,4564833333;20220506 13:03:09;51,25;5;0,41;2,05;5;0,47;2,35
688;688,38;11,473;20220506 13:03:10;51,25;5;0,41;2,05;5;0,49;2,45
689;689,381;11,4896833333;20220506 13:03:11;51;5;0,41;2,05;5;0,46;2,3
690;690,381;11,50635;20220506 13:03:12;51;5;0,41;2,05;5;0,49;2,45
691;691,389;11,52315;20220506 13:03:13;51;5;0,41;2,05;5;0,46;2,35
692;692,39;11,5398333333;20220506 13:03:14;51;5;0,41;2,05;5;0,49;2,45
693;693,383;11,5563833333;20220506 13:03:15;51;5;0,41;2,05;5;0,46;2,3
694;694,386;11,5731;20220506 13:03:16;51;5;0,41;2,05;5;0,46;2,3
695;695,383;11,5897166667;20220506 13:03:17;50,75;5;0,41;2,05;5;0,49;2,45
696;696,381;11,60635;20220506 13:03:18;50,75;5;0,41;2,05;5;0,48;2,4
697;697,381;11,6230166667;20220506 13:03:19;50,75;5;0,41;2,05;5;0,46;2,3
698;698,386;11,6397666667;20220506 13:03:20;51;5;0,41;2,05;5;0,57;2,85
699;699,38;11,6563333333;20220506 13:03:21;51;5;0,41;2,05;5;0,5;2,5
700;700,38;11,673;20220506 13:03:22;51;5;0,41;2,05;5;0,48;2,4
701;701,386;11,6897666667;20220506 13:03:23;51;5;0,41;2,05;5;0,46;2,3
702;702,384;11,7064;20220506 13:03:24;51;5;0,41;2,05;5;0,49;2,45
703;703,381;11,7230166667;20220506 13:03:25;51;5;0,41;2,05;5;0,49;2,45
704;704,382;11,7397;20220506 13:03:26;51,25;5;0,4;2;5;0,41;2,05
705;705,381;11,75635;20220506 13:03:27;51,5;5;0,4;2;5;0,41;2,05
706;706,39;11,7731666667;20220506 13:03:28;51,25;5;0,41;2,05;5;0,41;2,05
707;707,382;11,7897;20220506 13:03:29;51;5;0,41;2,05;5;0,41;2,05
708;708,385;11,8064166667;20220506 13:03:30;51;5;0,4;2;5;0,41;2,05
709;709,383;11,82305;20220506 13:03:31;50,75;5;0,41;2,05;5;0,41;2,05
710;710,385;11,83975;20220506 13:03:32;50,75;5;0,4;2;5;0,41;2,05
711;711,38;11,8563333333;20220506 13:03:33;50,75;5;0,41;2,05;5;0,41;2,05
712;712,38;11,873;20220506 13:03:34;50,75;5;0,41;2,05;5;0,41;2,05
713;713,385;11,88975;20220506 13:03:35;50,75;5;0,4;2;5;0,41;2,05
714;714,38;11,9063333333;20220506 13:03:36;50,75;5;0,41;2,05;5;0,41;2,05
715;715,381;11,9230166667;20220506 13:03:37;50,75;5;0,41;2,05;5;0,41;2,05
716;716,383;11,9397166667;20220506 13:03:38;50,75;5;0,41;2,05;5;0,41;2,05
717;717,381;11,95635;20220506 13:03:39;50,5;5;0,41;2,05;5;0,41;2,05
718;718,38;11,973;20220506 13:03:40;50,75;5;0,41;2,05;5;0,41;2,05
719;719,383;11,9897166667;20220506 13:03:41;50,75;5;0,41;2,05;5;0,41;2,05
720;720,38;12,0063333333;20220506 13:03:42;50,5;5;0,4;2;5;0,41;2,05
721;721,384;12,0230666667;20220506 13:03:43;50,5;5;0,41;2,05;5;0,41;2,05
722;722,385;12,03975;20220506 13:03:44;50,25;5;0,41;2,05;5;0,41;2,05
723;723,385;12,0564166667;20220506 13:03:45;50,5;5;0,41;2,05;5;0,41;2,05
724;724,381;12,0730166667;20220506 13:03:46;50,5;5;0,41;2,05;5;0,41;2,05
725;725,384;12,0897333333;20220506 13:03:48;50,5;5;0,41;2,05;5;0,41;2,05
726;726,526;12,1087666667;20220506 13:03:48;50,5;5;0,41;2,05;5;0,41;2,05
727;727,38;12,123;20220506 13:03:49;50,5;5;0,4;2;5;0,41;2,05
728;728,381;12,1396833333;20220506 13:03:50;50,5;5;0,4;2;5;0,41;2,05
729;729,385;12,1564166667;20220506 13:03:51;50,5;5;0,41;2,05;5;0,41;2,05
730;730,384;12,1730666667;20220506 13:03:52;50,25;5;0,4;2;5;0,41;2,05
731;731,382;12,1897;20220506 13:03:53;50,25;5;0,41;2,05;5;0,41;2,05
732;732,383;12,2063833333;20220506 13:03:54;50,5;5;0,4;2;5;0,41;2,05
733;733,386;12,2231;20220506 13:03:55;50,5;5;0,41;2,05;5;0,41;2,05
734;734,383;12,2397166667;20220506 13:03:57;50,5;5;0,41;2,05;5;0,41;2,05
735;735,576;12,2596;20220506 13:03:57;50,5;5;0,41;2,05;5;0,41;2,05
736;736,383;12,27305;20220506 13:03:58;50,25;5;0,41;2,05;5;0,41;2,05
737;737,383;12,2897166667;20220506 13:03:59;50,5;5;0,41;2,05;5;0,41;2,05
738;738,382;12,3063666667;20220506 13:04:00;50,5;5;0,4;2;5;0,41;2,05
739;739,38;12,323;20220506 13:04:01;50,5;5;0,41;2,05;5;0,41;2,05
740;740,38;12,3396666667;20220506 13:04:02;50,25;5;0,4;2;5;0,41;2,05
741;741,38;12,3563333333;20220506 13:04:03;50,25;5;0,41;2,05;5;0,41;2,05
742;742,38;12,373;20220506 13:04:04;50,5;5;0,4;2;5;0,41;2,05
